customer_id,Probability of Churning,Churn
4083-BFNYK,0.0,No
5804-LEPIM,0.25,Yes
4895-TMWIR,0.125,No
1342-JPNKI,0.5,No
3397-AVTKU,0.0,No
1051-EQPZR,0.2857142857142857,No
4193-ORFCL,1.0,No
1354-YZFNB,0.0,No
0442-TDYUO,0.0,No
1264-BYWMS,0.5,Yes
5167-GBFRE,1.0,No
7808-DVWEP,0.0,No
8051-HJRLT,0.3333333333333333,Yes
8499-BRXTD,0.0,No
5846-QFDFI,0.0,No
5215-LNLDJ,0.0,Yes
2969-VAPYH,0.0,No
3679-XASPY,0.16666666666666666,No
8992-VONJD,0.0,No
6845-RGTYS,1.0,Yes
8749-JMNKX,0.5,No
6696-YDAYZ,0.0,No
9060-HJJRW,0.0,No
2087-QAREY,0.0,No
9699-UBQFS,0.3333333333333333,Yes
2085-JVGAD,0.0,No
8097-VBQTZ,0.0,No
1550-EENBN,0.0,Yes
9337-SRRNI,0.0,No
9659-QEQSY,0.0,No
4391-RESHN,1.0,Yes
7978-DKUQH,0.5,Yes
3926-CUQZX,1.0,No
0623-GDISB,0.0,No
7750-EYXWZ,0.0,No
3647-GMGDH,1.0,No
6599-CEBNN,1.0,Yes
8229-MYEJZ,0.0,No
5320-BRKGK,0.0,No
4188-FRABG,0.0,Yes
1842-EZJMK,1.0,Yes
2651-ZCBXV,0.0,No
6615-NGGZJ,1.0,Yes
0670-ANMUU,0.0,No
7161-DFHUF,0.0,No
7998-ZLXWN,0.0,No
9534-NSXEM,0.0,No
1215-FIGMP,0.0,No
2451-YMUXS,0.0,No
1964-SVLEA,0.0,No
8075-GXIUB,0.0,No
5044-LRQAQ,0.0,No
7205-BAIAD,0.0,No
7049-GKVZY,0.0,No
7495-OOKFY,1.0,Yes
0655-RBDUG,1.0,No
5564-NEMQO,0.6666666666666666,Yes
3003-CMDUU,0.6666666666666666,Yes
7579-KKLOE,0.0,No
2123-AGEEN,0.3333333333333333,Yes
9584-EXCDZ,0.0,Yes
9412-GHEEC,1.0,Yes
0229-LFJAF,0.0,No
4936-YPJNK,0.4,No
7508-SMHXL,0.0,No
6908-VVYHM,0.0,Yes
9754-CLVZW,0.0,No
4706-AXVKM,0.5,No
1173-XZPYF,0.4,Yes
2050-ONYDQ,0.0,No
8580-QVLOC,1.0,No
8660-BUETV,0.0,No
5707-ORNDZ,0.5,No
9163-GHAYE,0.0,No
6833-JMZYP,0.0,No
5701-YVSVF,0.0,Yes
3259-QMXUN,0.0,No
7675-OZCZG,0.5,No
4329-YPDDQ,0.0,No
0841-NULXI,1.0,No
4760-XOHVN,0.16666666666666666,No
4385-ZKVNW,0.0,No
7823-JSOAG,0.6666666666666666,Yes
7576-OYWBN,0.6666666666666666,Yes
7016-BPGEU,0.3333333333333333,No
5724-BIDBU,0.0,No
5799-JRCZO,0.0,No
1488-PBLJN,0.0,No
9553-DLCLU,0.0,No
5871-DGTXZ,0.0,No
5020-ZSTTY,1.0,No
1104-FEJAM,0.0,No
2840-XANRC,1.0,Yes
6923-JHPMP,0.25,Yes
2465-BLLEU,0.3333333333333333,No
7629-WIXZF,0.0,No
7301-ABVAD,0.0,No
2577-GVSIL,0.0,No
5442-XSDCW,0.5,No
4872-VXRIL,0.0,No
5975-BAICR,0.0,No
8966-OIQHG,0.0,No
0743-HNPFG,0.0,No
3230-IUALN,0.0,No
8910-ICHIU,0.0,No
0311-QYWSS,0.0,No
8058-JMEQO,1.0,Yes
9919-YLNNG,0.0,No
6103-BOCOU,0.0,Yes
7408-OFWXJ,0.0,No
1336-EZFZY,0.14285714285714285,No
2359-KMGLI,0.6666666666666666,Yes
9442-JTWDL,0.0,No
0384-RVBPI,0.0,No
6259-WJQLC,0.0,No
6559-PDZLR,0.0,Yes
2202-OUTMO,0.0,No
6131-JLWZM,0.0,No
3049-SOLAY,1.0,Yes
5394-SVGJV,1.0,No
0691-JVSYA,1.0,No
6734-JDTTV,0.0,No
1640-PLFMP,0.5,Yes
6557-BZXLQ,0.8333333333333334,Yes
1208-DNHLN,1.0,No
1247-QBVSH,0.0,No
3059-NGMXB,0.0,No
5698-BQJOH,0.6666666666666666,Yes
8204-TIFGJ,0.0,No
6980-IMXXE,0.0,No
7472-EQOAV,0.0,No
8317-BVKSO,0.14285714285714285,No
8398-TBIYD,0.0,No
2642-DTVCO,1.0,Yes
1455-HFBXA,0.0,No
3976-BWUCK,1.0,No
0526-SXDJP,0.0,No
6674-KVJHG,0.0,No
9874-QLCLH,1.0,Yes
7521-AFHAB,0.0,No
3795-CAWEX,0.0,No
6847-KJLTS,0.0,No
8404-VIOMB,0.0,No
9818-XQCUV,0.2727272727272727,No
2371-JUNGC,0.1,No
4003-OCTMP,0.0,No
2958-NHPPS,0.25,No
9866-OCCKE,0.0,No
3070-DVEYC,1.0,Yes
7851-WZEKY,0.6666666666666666,Yes
3374-PZLXD,0.5,No
2011-TRQYE,1.0,No
7916-VCCPB,0.0,No
2275-RBYQS,0.5,No
8205-MQUGY,0.3333333333333333,No
0854-UYHZD,0.0,No
8676-OOQEJ,0.0,No
9644-UMGQA,0.3333333333333333,No
6981-TDRFT,0.0,No
1228-FZFRV,1.0,Yes
4957-TREIR,0.0,No
2984-AFWNC,0.0,Yes
5027-YOCXN,0.0,No
2321-OMBXY,1.0,No
6729-FZWSY,0.0,No
2237-ZFSMY,1.0,No
0363-SVHYR,0.0,No
7130-YXBRO,0.0,No
4079-WWQQQ,0.0,No
9481-WHGWY,0.0,No
8327-LZKAS,1.0,No
9592-ERDKV,0.0,No
9804-ICWBG,0.5,Yes
1228-ZLNBX,0.6,Yes
0848-ZGQIJ,0.6666666666666666,No
5732-IKGQH,0.0,No
1794-SWWKL,0.0,No
0853-TWRVK,0.0,No
7356-IWLFW,0.3333333333333333,No
6061-PQHMK,0.0,No
3094-JOJAI,0.0,Yes
0902-RFHOF,0.0,No
0475-RIJEP,1.0,Yes
2675-IJRGJ,0.0,No
8124-NZVGJ,0.0,No
6823-SIDFQ,0.0,No
5346-BZCHP,0.0,No
1568-BEKZM,0.0,No
6425-JWTDV,0.0,No
8337-UPOAQ,0.6666666666666666,Yes
5076-YVXCM,0.0,No
0829-XXPLX,0.0,No
5553-AOINX,0.0,No
4274-OWWYO,0.7142857142857143,Yes
5889-LFOLL,1.0,Yes
4712-AUQZO,0.0,No
8884-FEEWR,0.0,No
9576-ANLXO,1.0,Yes
8510-TMWYB,0.0,No
8871-JLMHM,0.0,No
8111-BKVDS,0.0,No
6461-SZMCV,0.0,No
6229-LSCKB,0.6666666666666666,Yes
0506-YLVKJ,0.0,No
5791-KAJFD,0.0,No
9094-AZPHK,0.0,Yes
0214-JHPFW,0.0,No
6096-EGVTU,0.5,No
6214-EDAKZ,0.5,No
0129-KPTWJ,0.3333333333333333,Yes
4729-XKASR,1.0,Yes
3858-XHYJO,0.0,No
8100-HZZLJ,0.0,No
8313-NDOIA,0.0,Yes
2012-NWRPA,1.0,Yes
1066-JKSGK,0.14285714285714285,No
6543-JXSOO,0.0,No
9619-GSATL,0.0,No
0130-SXOUN,0.0,No
8085-MSNLK,0.0,No
7056-IMHCC,1.0,Yes
9691-HKOVS,0.0,No
4566-NECEV,0.0,Yes
3941-XTSKM,0.0,No
2107-FBPTK,0.3333333333333333,Yes
8263-QMNTJ,0.0,No
7619-PLRLP,0.0,No
9135-HSWOC,0.0,No
9223-UCPVT,0.6666666666666666,Yes
9067-SQTNS,0.0,No
3428-MMGUB,0.0,No
0654-HMSHN,0.75,Yes
2428-ZMCTB,0.3333333333333333,No
1624-WOIWJ,1.0,Yes
9318-NKNFC,0.3333333333333333,No
2811-POVEX,0.0,No
3207-OYBWH,1.0,No
7008-LZVOZ,0.0,No
1038-RQOST,0.0,No
9800-ONTFE,0.0,No
7353-YOWFP,0.0,No
6413-XKKPU,1.0,Yes
4807-IZYOZ,0.0,No
5178-LMXOP,0.5,Yes
7279-NMVJC,0.0,No
7714-YXSMB,0.5,No
1941-HOSAM,0.5,Yes
5736-YEJAX,0.0,No
9957-YODKZ,0.0,Yes
2480-JZOSN,0.25,No
5327-CNLUQ,0.0,No
6244-BESBM,0.0,No
3871-IKPYH,0.5,Yes
6035-BXTTY,0.0,No
6986-IJDHX,1.0,Yes
0945-TSONX,0.0,No
5286-YHCVC,0.0,No
7469-LKBCI,0.0,No
3943-KDREE,1.0,Yes
6358-LYNGM,0.6666666666666666,Yes
0248-IPDFW,0.3333333333333333,No
5448-VWNAM,0.0,No
7416-CKTEP,0.0,No
9802-CAQUT,0.0,No
2792-LSHWX,0.0,Yes
1641-BYBTK,0.2857142857142857,No
0121-SNYRK,0.0,No
5533-NHFRF,0.5,No
0305-SQECB,0.0,No
7029-IJEJK,0.0,No
8231-BSWXX,0.0,No
5148-HKFIR,0.0,No
7957-RYHQD,1.0,No
6972-SNKKW,0.1,No
1768-ZAIFU,1.0,Yes
2530-FMFXO,0.0,No
9929-PLVPA,0.0,No
0859-YGKFW,0.0,No
4873-ILOLJ,1.0,Yes
3074-GQWYX,1.0,No
9589-ABEPT,0.0,No
5868-YTYKS,0.1,No
4228-ZGYUW,0.5,Yes
9958-MEKUC,0.0,No
0231-LXVAP,0.6666666666666666,Yes
9451-LPGOO,0.5,Yes
3824-RHKVR,0.0,No
6383-ZTSIW,0.0,No
4998-IKFSE,0.0,Yes
5494-HECPR,0.6666666666666666,Yes
0496-AHOOK,0.0,No
8917-FAEMR,0.0,No
9750-BOOHV,0.0,No
5577-OTWWW,0.3333333333333333,No
8375-DKEBR,1.0,Yes
3096-JRDSO,1.0,Yes
2826-DXLQO,0.0,No
4776-XSKYQ,0.0,No
5868-YWPDW,1.0,Yes
2761-OCIAX,0.75,Yes
7610-TVOPG,0.0,No
1596-OQSPS,0.0,No
2081-KJSQF,0.1,No
4092-OFQZS,0.0,No
1724-IQWNM,0.4,No
6968-MHOMU,0.0,No
6168-YBYNP,0.0,No
8048-DSDFQ,0.2857142857142857,No
9600-NAXZN,1.0,Yes
9127-FHJBZ,0.0,No
4377-VDHYI,0.0,No
9680-NIAUV,0.0,No
2014-MKGMH,0.0,No
6199-IWKGC,0.0,No
6900-PXRMS,1.0,No
8165-ZJRNM,0.0,No
4678-DVQEO,1.0,No
2320-TZRRH,0.0,No
5561-NWEVX,1.0,Yes
4903-CNOZC,0.0,No
8930-XOTDP,0.5,No
9067-YGSCA,0.0,No
5115-GZDEL,0.0,No
4325-NFSKC,0.75,Yes
1084-MNSMJ,0.0,No
4132-POCZS,0.0,No
8760-ZRHKE,0.0,No
5288-AHOUP,0.5,Yes
4589-IUAJB,0.0,No
7644-OMVMY,0.0,No
5915-DGNVC,0.0,No
8929-KSWIH,0.0,No
4704-ERYFC,1.0,Yes
7833-PKIHD,0.0,No
3009-JWMPU,0.5,No
9359-JANWS,0.0,No
4989-LIXVT,0.5,Yes
0853-NWIFK,0.0,No
1569-TTNYJ,0.3333333333333333,Yes
9200-NLNPD,0.0,No
2460-FPSYH,0.5,No
9347-AERRL,0.3333333333333333,No
7813-TKCVO,0.0,No
1927-QEWMY,0.0,No
3462-BJQQA,0.0,Yes
3889-VWBID,0.0,No
1866-OBPNR,0.0,No
6080-TCMYC,0.0,Yes
1704-NRWYE,1.0,Yes
9258-CNWAC,0.0,No
9348-ROUAI,0.0,No
4360-PNRQB,0.5,No
1599-EAHXY,0.0,No
7359-PTSXY,1.0,No
4143-HHPMK,0.6666666666666666,Yes
2380-DAMQP,0.0,No
8007-YYPWD,0.0,No
9257-AZMTZ,0.0,No
2582-FFFZR,0.75,No
8250-ZNGGW,0.0,No
8173-RXAYP,0.0,No
4608-LCIMN,0.0,No
6370-ZVHDV,0.0,No
8992-CEUEN,0.3333333333333333,No
6230-BSUXY,0.75,Yes
7115-IRDHS,0.0,No
4016-BJKTZ,0.0,No
4581-SSPWD,1.0,Yes
6215-NQCPY,0.0,Yes
4550-VBOFE,1.0,Yes
2774-LVQUS,1.0,Yes
4973-RLZVI,0.0,No
0011-IGKFF,1.0,Yes
2207-QPJED,0.0,Yes
0277-ORXQS,0.0,No
5458-CQJTA,0.5,No
8784-CGILN,0.5,No
7460-ITWWP,0.0,Yes
3694-DELSO,0.0,No
8185-UPYBR,0.6666666666666666,Yes
3058-WQDRE,0.0,No
2692-AQCPF,0.0,No
7690-KPNCU,0.0,No
4452-ROHMO,0.0,No
1813-JLKWR,0.0,No
3138-BKYAV,0.6666666666666666,Yes
3001-CBHLQ,1.0,Yes
4191-XOVOM,0.0,No
7080-TNUWP,0.0,No
0719-SYFRB,0.5,No
5568-DMXZS,0.0,No
8791-GFXLZ,0.6666666666666666,No
7394-LWLYN,0.6,Yes
9239-ZBZZV,1.0,No
4011-ARPHK,0.0,No
4786-UKSNZ,0.2857142857142857,No
1545-ACTAS,0.0,No
3948-FVVRP,0.0,No
7267-FRMJW,0.0,No
0410-IPFTY,0.0,No
7764-BDPEE,0.25,No
6734-FQAJX,0.0,No
4759-PXTAN,0.0,No
0136-IFMYD,0.0,No
4378-BZYFP,0.0,No
3722-WPXTK,1.0,Yes
9897-KXHCM,1.0,Yes
8741-LQOBK,0.0,No
8845-LWKGE,0.0,No
4553-DVPZG,0.5,Yes
4702-HDRKD,0.0,No
1304-NECVQ,1.0,Yes
3199-NPKCN,0.0,No
9256-JTBNZ,0.0,No
3161-ONRWK,0.0,No
7632-YUTXB,0.0,No
6331-LWDTQ,1.0,No
0565-JUPYD,0.0,No
5136-RGMZO,0.0,No
2637-FKFSY,0.0,No
2017-CCBLH,0.0,No
2656-FMOKZ,0.5,Yes
8910-LEDAG,0.0,Yes
2826-UWHIS,0.0,No
0392-BZIUW,0.0,No
7951-VRDVK,0.0,No
9610-WCESF,0.0,No
9764-REAFF,0.0,No
5158-RIVOP,0.0,No
8822-KNBHV,0.0,No
2484-DGXPZ,0.2,No
1536-HBSWP,0.2,No
0442-ZXKVS,0.0,No
9426-SXNHE,0.0,No
5143-EGQFK,1.0,No
8099-MZPUJ,0.0,No
4487-ZYJZK,0.0,No
4374-YMUSQ,0.0,No
4291-HYEBC,0.0,No
8020-BWHYL,0.6666666666666666,Yes
4280-DLSHD,0.6666666666666666,No
1338-CECEE,0.0,No
5176-LMJXE,0.0,No
5125-CNDSP,0.0,No
6379-RXJRQ,0.6666666666666666,Yes
5315-CKEQK,0.0,No
5917-RYRMG,0.0,No
5803-NQJZO,0.0,No
2082-CEFLT,0.5,No
3797-VTIDR,1.0,Yes
5522-NYKPB,0.0,Yes
3863-QSTYI,0.0,No
4128-ETESU,0.0,Yes
7341-LXCAF,0.6666666666666666,Yes
2606-PKWJB,0.0,No
3097-PYWXL,0.125,No
8405-IGQFX,0.0,No
2550-AEVRU,0.0,No
5445-UTODQ,1.0,Yes
1814-WFGVS,0.0,No
5108-ADXWO,0.5,Yes
9373-WSLOY,0.0,No
7410-KTVFV,0.5,No
2782-LFZVW,0.0,No
9063-ZGTUY,0.16666666666666666,No
0655-YDGFJ,0.0,No
1998-VHJHK,0.0,No
6765-MBQNU,0.0,No
6281-FKEWS,0.0,No
8807-OPMBM,0.0,No
2649-HWLYB,0.0,No
9770-LXDBK,0.16666666666666666,No
8650-RHRKE,1.0,No
9560-ARGQJ,0.75,Yes
1324-NLTJE,0.6666666666666666,No
8213-TAZPM,0.0,No
7880-XSOJX,0.0,No
7310-EGVHZ,0.5,No
2242-MFOTG,0.0,No
5802-ADBRC,0.0,No
6142-VSJQO,1.0,No
1723-HKXJQ,0.5,Yes
6435-VWCCY,0.0,No
5309-TAIKL,0.0,No
6060-DRTNL,0.6666666666666666,Yes
9971-ZWPBF,0.0,No
1024-GUALD,1.0,Yes
3472-QPRCH,0.0,No
5276-KQWHG,1.0,Yes
8909-BOLNL,0.0,No
3423-HHXAO,0.0,No
6333-YDVLT,0.0,No
7140-ADSMJ,0.0,No
1839-UMACK,0.0,No
5356-KZCKT,0.0,No
6386-SZZKH,1.0,No
1936-UAFEH,0.0,No
0487-VVUVK,0.0,No
6260-ONULR,0.0,No
5248-KWLAR,0.0,No
2267-WTPYD,0.0,No
9853-JFZDU,0.0,No
6682-QJDGB,1.0,No
4373-MAVJG,1.0,No
6695-FRVEC,0.0,No
3428-XZMAZ,0.75,Yes
0380-NEAVX,0.0,No
2181-TIDSV,0.0,No
0637-UBJRP,0.2,Yes
1403-GYAFU,0.0,No
9313-CDOGY,0.2857142857142857,No
0334-GDDSO,1.0,Yes
7404-JLKQG,0.0,No
1193-RTSLK,1.0,No
1735-XMJVH,0.0,No
4342-HFXWS,0.0,No
9356-AXGMP,0.0,No
0254-KCJGT,0.0,No
4342-HENTK,1.0,Yes
5095-AESKG,0.5,No
0952-KMEEH,1.0,Yes
7682-AZNDK,0.25,Yes
4716-HHKQH,0.0,No
3096-GKWEB,0.4,Yes
9227-LUNBG,1.0,Yes
7562-GSUHK,1.0,No
9809-IMGCQ,1.0,Yes
1527-SXDPN,1.0,No
7989-VCQOH,0.0,No
2378-YIZKA,0.0,No
6952-OMNWB,0.5,Yes
2055-PDADH,1.0,Yes
8999-EXMNO,0.0,No
3090-QFUVD,0.0,No
0612-RTZZA,0.5,Yes
1644-IRKSF,0.5,No
8200-KLNYW,0.0,No
7319-VENRZ,0.0,No
0254-FNMCI,0.0,No
8496-EJAUI,1.0,Yes
2293-IJWPS,0.0,No
4112-LUEIZ,1.0,Yes
3528-HFRIQ,0.0,No
8752-STIVR,1.0,Yes
0584-BJQGZ,0.0,No
1591-NFNLQ,0.3333333333333333,No
8838-GPHZP,0.0,No
2753-JMMCV,0.0,No
8750-QWZAJ,0.0,No
5821-MMEIL,0.0,No
6366-ZGQGL,1.0,No
2266-FUBDZ,0.0,No
9323-HGFWY,0.0,No
5014-GSOUQ,0.0,No
6198-PNNSZ,0.0,No
4043-MKDTV,0.0,No
6701-DHKWQ,0.0,No
7190-XHTWJ,0.0,No
2520-SGTTA,0.0,No
7684-XSZIY,0.0,No
6504-VBLFL,0.0,No
3099-OONVS,0.3333333333333333,No
7277-KAMWT,0.0,No
3292-PBZEJ,0.0,No
1017-FBQMM,0.0,No
8390-FESFV,0.0,No
7593-XFKDI,0.3333333333333333,No
7421-ZLUPA,0.0,No
7698-YFGEZ,0.1,No
2386-LAHRK,1.0,No
7110-BDTWG,0.0,No
2789-HQBOU,0.5,Yes
8738-JOKAR,0.0,No
8017-LXHFA,0.4,Yes
4238-JSSWH,0.0,No
3285-UCQVC,1.0,No
4070-OKWVH,0.0,No
3372-KWFBM,1.0,Yes
9025-AOMKI,1.0,No
9305-CDSKC,0.5,Yes
8053-WWDRO,0.25,No
5529-GIBVH,0.0,No
1087-UDSIH,0.2857142857142857,No
2302-OUZXB,0.0,No
7501-IWUNG,0.0,No
2070-XYMFH,0.0,Yes
7073-QETQY,0.0,No
9277-JOOMO,0.0,No
2962-XPMCQ,1.0,No
9732-KPKBW,0.5,No
5312-TSZVC,0.0,No
9693-XMUOB,0.5,No
3442-ZHHCC,0.0,No
3859-CVCET,1.0,No
0786-IVLAW,0.0,No
3588-WSTTJ,0.0,Yes
2636-OHFMN,1.0,No
2908-ZTPNF,0.0,No
6856-RAURS,0.6666666666666666,Yes
1000-AJSLD,1.0,No
3097-NNSPB,0.6666666666666666,No
1641-RQDAY,0.0,Yes
8207-VVMYB,0.0,No
3384-CTMSF,0.3333333333333333,Yes
2809-ILCYT,0.0,No
1656-DRSMG,0.0,No
1820-TQVEV,0.6,Yes
1450-SKCVI,0.75,Yes
4709-LKHYG,0.0,No
4747-LCAQL,0.0,No
4919-IKATY,0.8,Yes
8467-WYNSR,0.6666666666666666,No
9928-BZVLZ,0.0,No
7964-ZRKKG,0.0,No
9702-AIUJO,0.0,No
8532-UEFWH,0.0,No
1696-HXOWK,0.0,No
3629-ZNKXA,0.0,Yes
8469-SNFFH,0.0,No
4310-KEDTB,0.0,No
9475-NNDGC,0.0,No
5183-KLYEM,0.0,No
7733-UDMTP,0.3333333333333333,No
2234-XADUH,0.0,No
7730-IUTDZ,1.0,Yes
2685-SREOM,1.0,Yes
6509-TSGWN,0.0,No
3606-SBKRY,0.0,No
1216-BGTSP,0.0,No
4334-HOWRP,0.0,No
4800-CZMPC,1.0,No
6034-YMTOB,0.3333333333333333,Yes
6766-HFKLA,0.0,No
6583-QGCSI,1.0,Yes
7075-BNDVQ,0.0,No
7851-FLGGQ,1.0,No
8149-RSOUN,1.0,Yes
4074-SJFFA,0.6666666666666666,No
8205-OTCHB,1.0,No
3401-URHDA,0.0,No
0380-ZCSBI,0.0,No
9844-FELAJ,0.0,No
5968-VXZLG,0.0,No
5327-XOKKY,0.0,No
2026-TGDHM,1.0,Yes
0491-KAPQG,0.0,Yes
3259-FDWOY,1.0,No
4654-GGUII,0.0,No
6360-SVNWV,0.5,Yes
2057-BOYKM,0.0,No
4124-MMETB,0.6666666666666666,No
0495-ZBNGW,1.0,No
9782-LGXMC,0.0,No
8480-PPONV,0.0,No
0083-PIVIK,0.0,No
5504-WSIUR,0.0,No
9546-CQJSU,1.0,Yes
2595-KIWPV,0.0,No
7359-SSBJK,1.0,No
2660-EMUBI,1.0,Yes
2799-TSLAG,0.0,No
3045-XETSH,0.6666666666666666,Yes
1291-CUOCY,0.0,No
0547-HURJB,0.0,No
6115-ZTBFQ,0.0,No
5405-ZMYXQ,0.0,No
0795-GMVQO,0.0,No
9101-BWFSS,1.0,Yes
7619-ODSGN,0.6666666666666666,No
3973-SKMLN,0.0,No
8631-XVRZL,0.0,No
6982-UQZLY,0.25,No
2612-PHGOX,0.0,No
3566-VVORZ,0.0,No
5627-TVBPP,0.0,No
5960-WPXQM,1.0,Yes
1329-VHWNP,0.0,No
7853-OETYL,0.0,No
6097-EQISJ,1.0,No
1334-PDUKM,0.0,No
8706-HRADD,0.0,No
7879-CGSFV,0.0,No
2511-MORQY,0.0,No
7249-WBIYX,0.5,Yes
3410-YOQBQ,0.0,No
4585-HETAI,1.0,Yes
2227-JRSJX,0.0,No
0022-TCJCI,1.0,No
7617-EYGLW,0.16666666666666666,No
1732-FEKLD,0.0,No
8174-TBVCF,0.0,No
6874-SGLHU,0.0,No
1585-MQSSU,1.0,No
3870-MQAMG,1.0,Yes
6598-RFFVI,0.3333333333333333,No
7938-OUHIO,0.75,Yes
3211-AAPKX,0.0,Yes
9558-IHEZX,0.0,No
0003-MKNFE,0.0,No
2058-DCJBE,1.0,Yes
4859-ZSRDZ,0.0,No
7858-GTZSP,0.5,Yes
7549-MYGPK,1.0,Yes
8313-KTIHG,0.0,No
0621-TSSMU,0.0,No
3787-TRIAL,0.0,No
2535-PBCGC,0.0,No
4741-WWJQZ,0.0,Yes
0784-ZQJZX,0.0,No
5753-QQWPW,0.0,No
5387-ASZNZ,0.0,No
0361-HJRDX,0.0,No
0679-IDSTG,1.0,Yes
8563-OYMQY,0.0,No
9601-BRXPO,1.0,No
0266-CLZKZ,0.0,No
8439-LTUGF,0.0,No
7240-ETPTR,0.5,No
8393-JMVMB,0.16666666666666666,No
5906-CVLHP,0.5,No
0778-NELLA,1.0,No
8735-DCXNF,0.0,No
1402-PTHGN,0.0,No
6463-HHXJR,0.0,No
9891-NQDBD,0.0,No
2080-GKCWQ,0.6666666666666666,Yes
6439-GTPCA,1.0,Yes
5443-SCMKX,0.0,No
8969-PRHFK,0.0,No
4018-PPNDW,0.0,No
7018-WBJNK,0.0,No
4210-QFJMF,0.75,Yes
2506-CLAKW,1.0,No
0856-NAOES,0.0,No
9780-FKVVF,0.0,No
9086-YJYXS,0.0,No
3750-RNQKR,0.16666666666666666,No
7142-HVGBG,1.0,Yes
8782-NUUOL,0.0,No
5336-UFNZP,0.0,No
1833-TCXKK,0.0,No
2070-FNEXE,1.0,No
7036-ZZKBD,0.25,No
5236-PERKL,1.0,No
3389-YGYAI,0.5,No
2851-MMUTZ,0.5,No
2103-ZRXFN,0.0,No
0754-UKWQP,1.0,Yes
5575-TPIZQ,0.5,No
3807-XHCJH,0.1,No
2720-WGKHP,1.0,Yes
4415-WNGVR,0.0,No
8654-DHAOW,0.0,No
4476-OSWTN,0.0,No
2466-NEJOJ,0.25,No
2430-RRYUW,0.0,No
2634-HCZGT,0.5,No
0562-FGDCR,0.0,No
7607-QKKTJ,0.0,No
5186-EJEGL,0.0,No
6726-WEXXK,0.0,No
3900-AQPHZ,0.4,No
4091-TVOCN,0.0,No
4118-CEVPF,0.0,No
4871-JTKJF,0.8333333333333334,Yes
6024-RUGGH,0.0,No
4012-YCFAI,0.0,No
5073-RZGBK,0.0,No
6840-RESVB,0.0,No
8966-KZXXA,0.0,No
6181-AXXYF,0.2,No
7326-RIGQZ,0.5,Yes
5882-CMAZQ,0.3333333333333333,No
0813-TAXXS,0.0,No
7105-MXJLL,0.0,No
8106-GWQOK,0.0,No
5552-ZNFSJ,0.6666666666666666,No
1104-TNLZA,0.0,No
9659-ZTWSM,0.0,No
0594-UFTUL,0.2857142857142857,No
2692-BUCFV,0.0,No
2696-RZVZW,0.0,No
2748-MYRVK,1.0,No
2111-DWYHN,0.0,No
9624-EGDEQ,0.0,No
2821-WARNZ,0.0,No
1216-JWVUX,0.6666666666666666,Yes
3831-YCPUO,0.0,No
6116-RFVHN,0.0,Yes
4676-MQUEA,0.0,No
5469-CTCWN,1.0,Yes
2952-QAYZF,0.5,Yes
2672-DZUOY,1.0,Yes
5908-QMGOE,1.0,Yes
5060-TQUQN,0.0,No
8755-OGKNA,0.0,No
0654-PQKDW,0.0,No
8224-DWCKX,0.0,No
0383-CLDDA,0.0,No
3638-DIMPH,0.0,No
2661-GKBTK,0.0,No
8627-ZYGSZ,0.0,No
6556-DBKZF,0.0,No
4614-NUVZD,1.0,Yes
8050-XGRVL,0.0,No
1987-AUELQ,0.0,No
7009-PCARS,0.0,No
4524-QCSSM,0.0,No
3058-HJCUY,1.0,No
8221-EQDGL,0.0,No
3071-VBYPO,0.25,Yes
6994-ORCWG,0.0,No
5854-KSRBJ,0.0,No
4178-EGMON,0.0,No
8740-XLHDR,1.0,No
9099-FTUHS,0.3333333333333333,No
8345-MVDYC,0.0,No
4694-PHWFW,0.125,No
4837-QUSFT,0.0,No
6655-LHBYW,0.0,No
8761-NSOBC,1.0,Yes
3717-OEAUQ,0.5,Yes
0052-YNYOT,0.0,No
2873-ZLIWT,0.6666666666666666,Yes
8404-FYDIB,0.0,No
7950-XWOVN,0.6666666666666666,No
4086-WITJG,0.0,No
5650-YLIBA,0.5,Yes
0260-ZDLGK,1.0,No
0511-JTEOY,0.5,Yes
1536-YHDOE,0.0,No
0843-WTBXE,1.0,No
3338-CVVEH,0.25,Yes
5481-NTDOH,0.0,No
6397-JNZZG,1.0,No
5647-FXOTP,0.0,No
4021-RQSNY,1.0,Yes
0064-YIJGF,0.5,No
2325-ZUSFD,1.0,No
5345-BMKWB,0.1,No
0292-WEGCH,0.0,No
6595-COKXZ,0.3333333333333333,No
2181-UAESM,0.0,No
1169-SAOCL,0.0,No
5666-CYCYZ,0.0,Yes
2519-ERQOJ,0.0,No
1051-GEJLJ,0.5,No
5035-BVCXS,0.6666666666666666,Yes
1728-BQDMA,0.3333333333333333,No
7402-PWYJJ,0.0,No
4686-UXDML,0.5,No
9108-EQPNQ,0.0,No
3426-NIYYL,1.0,No
0575-CUQOV,0.0,No
3982-DQLUS,0.0,Yes
5174-RNGBH,1.0,No
1666-JZPZT,0.0,No
5787-KXGIY,0.0,No
4195-NZGTA,0.5,Yes
2027-DNKIV,0.0,No
6278-FEPBZ,0.1,No
0611-DFXKO,0.5,Yes
7696-AMHOD,0.0,No
2056-EVGZL,0.0,No
5141-ZUVBH,0.0,No
2027-OAQQC,0.6666666666666666,No
9711-FJTBX,0.0,No
0365-BZUWY,0.0,Yes
5159-YFPKQ,1.0,Yes
7746-AWNQW,0.3333333333333333,No
4922-CVPDX,0.0,No
1309-XGFSN,0.0,No
9286-BHDQG,0.0,No
5696-CEIQJ,0.0,No
8016-ZMGMO,0.0,No
7718-RXDGG,0.0,No
4186-ZBUEW,0.0,No
1771-OADNZ,0.5,Yes
5893-KCLGT,0.0,No
7696-CFTAT,0.0,No
9348-YVOMK,0.0,No
1206-EHBDD,0.0,No
3823-KYNQY,0.0,No
8919-FYFQZ,1.0,No
2165-VOEGB,0.3333333333333333,No
5923-GXUOC,0.75,Yes
5066-GFJMM,0.4,No
8262-COGGB,0.0,No
7931-PXHFC,1.0,No
5236-XMZJY,0.0,No
7665-TOALD,1.0,Yes
0280-XJGEX,1.0,No
8603-IJWDN,1.0,Yes
6762-QVYJO,0.0,No
1439-LCGVL,0.0,No
7427-AUFPY,0.0,No
4402-FTBXC,0.6666666666666666,Yes
8092-NLTGF,0.2,No
7993-PYKOF,0.6666666666666666,Yes
5429-LWCMV,0.25,Yes
0960-HUWBM,0.0,No
0480-BIXDE,0.5,Yes
3219-JQRSL,0.0,No
3714-JTVOV,1.0,Yes
0744-BIKKF,0.0,No
8903-WMRNW,0.5,Yes
3750-CKVKH,1.0,Yes
3768-NLUBH,0.5,Yes
5438-QMDDL,0.0,No
2452-SNHFZ,0.0,No
2900-PHPLN,0.0,No
2067-QYTCF,0.0,No
3911-RSNHI,0.0,No
8714-CTZJW,0.0,No
5640-CAXOA,0.0,No
7599-FKVXZ,1.0,Yes
2138-VFAPZ,0.0,No
6693-FRIRW,0.5,No
4644-OBGFZ,0.0,No
9644-KVCNC,0.0,No
6907-CQGPN,0.0,No
2462-XIIJB,1.0,Yes
7328-OWMOM,0.0,No
2332-EFBJY,0.5,No
3523-QRQLL,1.0,No
6103-LIANB,0.0,No
1100-DDVRV,0.0,No
2478-EEWWM,0.5,No
6127-IYJOZ,0.3333333333333333,No
1984-GPTEH,0.0,No
8605-ITULD,0.2,No
1271-SJBGZ,1.0,No
8651-ENBZX,1.0,Yes
0196-VULGZ,0.3333333333333333,Yes
2636-ALXXZ,1.0,Yes
1730-VFMWO,0.0,No
3796-ENZGF,0.0,No
6741-EGCBI,0.0,No
6870-ECSHE,0.0,No
6402-ZFPPI,1.0,Yes
3988-RQIXO,1.0,Yes
2362-IBOOY,0.5,Yes
6175-IRFIT,0.3333333333333333,Yes
9621-OUPYD,0.0,No
1741-WTPON,0.0,No
3027-ZTDHO,1.0,Yes
8218-FFJDS,0.0,No
2483-XSSMZ,0.0,No
3173-WSSUE,0.0,No
9220-CXRSC,0.0,No
8263-OKETD,0.0,No
8873-GLDMH,0.75,Yes
1625-JAIIY,1.0,No
0257-KXZGU,0.0,No
8715-KKTFG,0.0,No
5748-RNCJT,1.0,No
2750-BJLSB,0.0,No
2253-KPMNB,0.0,No
2378-VTKDH,0.0,Yes
7674-YTAFD,0.0,No
1063-DHQJF,0.0,No
0374-IOEGQ,0.3333333333333333,No
3594-BDSOA,0.0,No
6921-OZMFH,0.5,No
7432-FFVAR,0.0,No
6838-HVLXG,0.0,No
8884-ADFVN,1.0,Yes
9947-OTFQU,0.8,Yes
3370-GQEAL,0.6,Yes
4078-SAYYN,0.5,Yes
9364-YKUVW,0.3333333333333333,No
2930-UOTMB,0.5,No
3509-GWQGF,0.6666666666666666,Yes
9773-PEQBZ,0.25,Yes
5373-SFODM,1.0,No
1689-MRZQR,1.0,Yes
2372-HWUHI,0.5,No
6582-OIVSP,0.6666666666666666,No
0455-ENTCR,0.0,No
0536-ESJEP,0.0,No
4398-HSCJH,1.0,No
8756-RDDLT,0.25,No
7030-NJVDP,0.0,Yes
6051-PTVNS,0.0,No
1689-YQBYY,0.0,Yes
3755-JBMNH,1.0,Yes
9524-EGPJC,0.5,Yes
9661-MHUMO,1.0,No
1697-NVVGY,0.25,No
1015-OWJKI,0.0,No
4658-HCOHW,1.0,Yes
4236-XPXAV,1.0,Yes
7306-YDSOI,0.0,No
4979-HPRFL,0.0,No
7354-OIJLX,0.0,Yes
2778-OCLGR,1.0,No
9835-ZIITK,1.0,No
5997-OPVFA,0.0,No
2959-MJHIC,0.5,Yes
1814-DKOLC,0.0,No
4039-PIMHX,0.0,No
8819-ZBYNA,0.0,No
4536-PLEQY,0.0,No
2400-FEQME,0.0,No
4822-NGOCH,1.0,Yes
6794-HKIAJ,0.5,No
6770-XUAGN,1.0,No
0568-ONFPC,1.0,No
7976-CICYS,0.0,No
2954-PIBKO,0.0,No
5699-BNCAS,0.0,No
0378-TOVMS,1.0,Yes
4029-HPFVY,0.75,Yes
5993-BQHEA,0.0,No
3422-LYEPQ,1.0,Yes
4231-LZUYM,0.0,No
8046-DNVTL,0.0,No
3319-DWOEP,1.0,Yes
6478-HRRCZ,0.0,No
2709-UQGNP,0.0,No
4293-ETKAP,0.5,No
6635-CPNUN,0.0,No
7162-WPHPM,0.0,No
3878-AVSOQ,0.0,Yes
7691-XVTZH,0.0,No
6377-WHAOX,0.0,No
0228-MAUWC,0.0,No
4701-LKOZD,0.0,No
1989-PRJHP,0.6666666666666666,Yes
7322-OCWHC,0.0,No
4081-DYXAV,1.0,No
0023-HGHWL,0.5,Yes
4958-XCBDQ,1.0,Yes
4892-VLANZ,0.3333333333333333,No
6918-UMQCG,0.5,Yes
1697-LYYYX,0.0,No
7054-LGEQW,1.0,No
5884-FBCTL,0.0,No
5380-WJKOV,0.3333333333333333,No
9717-IOAAF,0.0,No
8409-WQJUX,0.0,No
0123-CRBRT,0.0,No
9495-SKLKD,0.0,No
8169-SAEJD,0.0,No
1391-UBDAR,0.0,Yes
8421-WZOOW,0.0,No
9408-SSNVZ,0.6,Yes
1261-FWTTE,0.0,No
5134-IKDAY,0.5,Yes
8908-NMQTX,0.0,No
8648-PFRMP,0.5,No
3726-TBHQT,0.0,No
1684-FLBGS,0.0,No
3259-KNMRR,0.0,No
9972-VAFJJ,0.0,No
0562-HKHML,0.0,No
6941-PMGEP,1.0,Yes
0909-SELIE,0.0,No
6473-ULUHT,0.0,No
3402-XRIUO,0.0,No
2272-WUSPA,0.0,No
6980-CDGFC,0.0,No
5414-OFQCB,0.0,No
5760-IFJOZ,0.0,No
7854-FOKSF,0.5,No
6518-KZXCB,0.0,No
9481-IEBZY,0.0,No
8125-QPFJD,0.0,No
6261-LHRTG,0.0,No
4625-LAMOB,0.0,No
5201-FRKKS,0.6666666666666666,Yes
7108-DGVUU,0.0,No
0505-SPOOW,0.0,No
6248-TKCQV,0.0,No
8035-BUYVG,1.0,No
7493-GVFIO,0.0,No
5056-FIMPT,0.0,No
2018-QKYGT,0.5,Yes
5879-HMFFH,0.0,No
2002-MZHWP,0.6666666666666666,No
2522-AHJXR,0.0,No
1334-FJSVR,1.0,Yes
9137-UIYPG,0.0,No
4827-USJHP,0.0,No
4063-EIKNQ,0.5,No
3213-VVOLG,0.0,No
4742-TXUEX,0.0,No
7508-DQAKK,0.0,No
4667-QONEA,0.0,No
3191-CSNMG,0.0,Yes
2929-ERCFZ,0.75,Yes
2446-PLQVO,0.75,Yes
0872-NXJYS,1.0,Yes
9574-BOSMD,0.0,No
1157-BQCUW,0.6666666666666666,Yes
6418-HNFED,0.0,No
9046-DQMTP,0.0,No
2995-YWTCD,0.0,No
7009-LGECI,0.0,No
4581-LNWUM,0.3333333333333333,No
6804-GDMOI,1.0,No
5622-UEJFI,0.0,No
3415-TAILE,1.0,No
4198-VFOEA,0.0,No
5196-WPYOW,0.5,No
9447-YPTBX,0.0,No
5003-XZWWO,0.0,No
3537-HPKQT,0.0,No
2587-EKXTS,0.0,No
5208-HFSBT,0.5,No
8799-OXZMD,0.0,No
5199-FPUSP,0.0,No
9986-BONCE,0.5,No
4753-PADAS,0.0,No
9090-SGQXL,0.6666666666666666,No
5774-QPLTF,0.0,No
0406-BPDVR,1.0,No
2565-JSLRY,1.0,No
1385-TQOZW,0.0,No
8361-LBRDI,0.0,No
0237-YFUTL,0.0,No
3675-EQOZA,0.0,No
3154-HMWUU,0.0,No
5915-ANOEI,0.0,No
5966-EMAZU,0.0,No
0093-XWZFY,1.0,Yes
1328-EUZHC,0.0,No
3173-NVMPX,0.2,No
1298-PHBTI,0.0,No
9786-YWNHU,0.0,No
5493-SDRDQ,0.6666666666666666,No
8295-FHIVV,0.16666666666666666,No
6179-GJPSO,1.0,No
4060-LDNLU,0.6666666666666666,Yes
3806-YAZOV,0.0,No
2292-XQWSV,0.0,No
4891-NLUBA,0.0,No
0174-QRVVY,0.0,No
7244-KXYZN,0.0,No
1767-TGTKO,0.0,No
2324-AALNO,0.0,No
1136-XGEQU,0.0,No
8974-OVACP,0.14285714285714285,No
5999-LCXAO,0.0,No
8695-ARGXZ,0.5,Yes
3156-QLHBO,0.42857142857142855,No
1535-VTJOQ,0.3333333333333333,No
7777-UNYHB,0.5,No
3612-YVGSJ,0.0,No
7602-DBTOU,0.0,No
4146-SVFUD,0.3333333333333333,No
3547-LQRIK,0.0,No
9658-WYUFB,0.6666666666666666,Yes
4061-UKJWL,0.0,No
5973-EJGDP,0.0,Yes
3737-XBQDD,0.0,No
2819-GWENI,0.0,No
4710-FDUIZ,1.0,No
2397-BRLOM,1.0,Yes
3893-JRNFS,0.0,No
5310-NOOVA,0.0,No
4580-TMHJU,0.5,No
4065-JJAVA,0.0,No
6185-TASNN,0.3333333333333333,No
0187-QSXOE,0.5,Yes
5651-YLPRD,0.0,Yes
8216-AZUUZ,0.0,No
1849-RJYIG,0.3333333333333333,No
5780-INQIK,0.25,No
9837-BMCLM,0.5,Yes
2194-IIQOF,0.0,No
8785-CJSHH,0.5,Yes
2645-QTLMB,0.8,Yes
3550-SAHFP,1.0,Yes
4644-PIZRT,0.0,No
3407-QGWLG,0.14285714285714285,No
0419-YAAPX,0.0,No
4821-WQOYN,0.0,No
6806-YDEUL,0.25,No
1971-DTCZB,0.0,No
8008-ESFLK,0.0,No
4929-ROART,0.0,No
5087-SUURX,1.0,No
4548-SDBKE,0.5,Yes
6630-UJZMY,0.0,Yes
0916-KNFAJ,0.0,No
5385-SUIRI,1.0,Yes
3977-QCRSL,0.14285714285714285,No
3621-CEOVK,0.6666666666666666,Yes
6752-APNJL,0.0,No
2207-OBZNX,1.0,No
1114-CENIM,0.6666666666666666,No
3336-JORSO,1.0,No
5153-RTHKF,0.6666666666666666,Yes
5313-FPXWG,0.0,No
4480-MBMLB,0.0,No
1320-REHCS,0.0,No
7277-OZCGZ,0.0,Yes
1724-BQUHA,1.0,Yes
8544-JNBOX,0.0,No
6479-VDGRK,0.0,No
3413-CSSTH,0.0,No
1955-IBMMB,0.0,No
9633-DENPU,0.5,No
0064-SUDOG,0.0,No
6633-SYEUS,0.0,No
4558-CGYCZ,0.3333333333333333,No
7801-KICAO,0.0,Yes
2507-QZPQS,0.3333333333333333,Yes
1545-JFUML,0.0,No
7228-OMTPN,1.0,Yes
2193-SFWQW,0.0,No
6223-DHJGV,0.0,No
3920-HIHMQ,0.0,No
7272-QDCKA,0.0,No
6922-NCEDI,0.0,No
4671-LXRDQ,0.5,No
4495-LHSSK,0.0,No
4981-FLTMF,0.5,No
6227-FBDXH,0.5,No
9249-FXSCK,1.0,No
8782-LKFPK,0.0,Yes
7054-ENNGU,0.0,No
0440-MOGPM,0.0,No
7208-PSIHR,0.0,No
7878-JGDKK,0.5,No
9381-NDKME,0.5,No
5572-ZDXHY,0.6666666666666666,Yes
9500-LTVBP,0.0,No
6075-SLNIL,0.0,No
4911-BANWH,1.0,No
7614-QVWQL,1.0,No
6568-POCUI,0.0,No
1925-GMVBW,0.0,No
0807-ZABDG,0.6666666666666666,No
6339-DKLMK,0.0,No
2905-KFQUV,0.3333333333333333,Yes
1143-NMNQJ,1.0,Yes
5028-HTLJB,0.14285714285714285,No
8242-PDSGJ,0.0,No
3473-XIIIT,0.5,Yes
5384-ZTTWP,0.3333333333333333,No
9965-YOKZB,1.0,Yes
3016-KSVCP,0.0,No
3363-DTIVD,0.0,No
8824-RWFXJ,0.5,No
5311-IHLEI,0.0,No
8625-AZYZY,1.0,Yes
8601-QACRS,0.75,No
5296-BFCYD,0.0,No
8347-GDTMP,0.0,No
7783-YKGDV,1.0,No
5914-DVBWJ,0.6,Yes
6974-DAFLI,0.0,No
8970-ANWXO,0.0,No
8713-IGZSO,0.0,No
2037-SGXHH,0.3333333333333333,Yes
9614-RMGHA,1.0,No
8626-PTQGE,0.0,No
8165-CBKXO,0.0,No
6603-QWSPR,0.0,No
4003-FUSHP,0.0,No
4223-BKEOR,0.0,No
1852-QSWCD,0.0,No
0002-ORFBO,0.0,No
0325-XBFAC,0.6666666666666666,Yes
3308-MHOOC,0.0,No
9732-OUYRN,0.0,No
5948-UJZLF,0.0,No
7928-VJYAB,0.75,Yes
0461-CVKMU,1.0,Yes
0504-HHAPI,1.0,No
8166-ORCHU,0.0,No
7020-OZKXZ,0.0,No
8646-JCOMS,0.0,No
1194-SPVSP,0.25,No
3137-NYQQI,0.0,No
5845-BZZIB,0.0,No
8070-AAWZP,0.3333333333333333,No
7869-ZYDST,0.0,No
4933-BSAIP,0.0,No
7033-CLAMM,0.0,No
4566-GOLUK,1.0,Yes
3720-DBRWL,0.0,No
2430-USGXP,1.0,Yes
7153-CHRBV,0.5,No
4570-QHXHL,0.0,No
2851-STERV,0.5,No
7129-ACFOG,0.0,No
1785-BPHTP,0.6,Yes
3518-FSTWG,0.0,No
5760-WRAHC,0.0,No
7242-EDTYC,0.0,No
6010-DDPPW,0.3333333333333333,No
1550-LOAHA,0.5,No
5404-GGUKR,0.0,No
9402-ORRAH,0.0,Yes
4059-IIEBK,0.0,No
7801-CEDNV,0.0,No
3915-ODIYG,0.0,No
8226-BXGES,0.0,No
8708-XPXHZ,0.75,Yes
6158-HDPXZ,0.0,No
7576-ASEJU,0.0,No
2504-DSHIH,0.5,Yes
0215-BQKGS,0.0,No
5161-UBZXI,0.0,No
3910-MRQOY,0.0,No
4584-LBNMK,0.0,No
4067-HLYQI,0.3333333333333333,Yes
4086-ATNFV,0.0,No
0107-WESLM,0.2857142857142857,No
0455-XFASS,0.6,Yes
7164-BPTUT,0.0,No
5605-IYGFG,0.0,Yes
5197-LQXXH,0.0,No
8180-AKMJV,0.0,No
3410-MHHUM,0.0,No
1621-YNCJH,0.0,No
3118-UHVVQ,0.0,No
1436-ZMJAN,0.0,No
1834-ABKHQ,0.0,No
2091-GPPIQ,0.0,No
4237-CLSMM,0.1,No
5656-JAMLX,0.0,No
0020-JDNXP,0.0,No
8621-MNIHH,0.8,Yes
2924-KHUVI,0.0,No
1976-AZZPJ,0.0,No
4625-EWPTF,1.0,No
4667-OHGKG,0.4,No
8727-JQFHV,0.0,No
0378-NHQXU,1.0,Yes
2672-HUYVI,1.0,Yes
0278-YXOOG,1.0,No
6933-VLYFX,0.0,No
5298-GSTLM,0.0,No
8619-IJNDK,0.0,No
6510-UPNKS,0.0,No
4522-XRWWI,0.0,No
6704-UTUKK,0.0,No
9251-WNSOD,0.0,No
8402-OOOHJ,0.0,No
1221-GHZEP,0.0,No
7054-DMVAS,0.0,No
4994-OBRSZ,0.0,No
7138-GIRSH,0.0,No
5197-YPYBZ,0.0,No
3545-CNWRG,0.5,Yes
8257-RZAHR,1.0,No
5565-FILXA,1.0,Yes
3662-FXJFO,0.0,No
6128-AQBMT,0.5,No
2599-CIPQE,0.0,No
9927-DSWDF,0.0,Yes
9700-ISPUP,0.0,No
6013-BHCAW,0.0,No
4140-WJAWW,0.5,No
4361-JEIVL,0.5,No
2429-AYKKO,0.0,No
3597-MVHJT,0.5,No
4484-GLZOU,0.5,No
8357-EQXFO,1.0,Yes
4846-WHAFZ,1.0,Yes
4010-YLMVT,0.0,No
9586-JGQKH,0.0,No
0306-JAELE,1.0,Yes
9397-TZSHA,0.0,No
6543-CPZMK,1.0,No
4647-MUZON,0.0,No
7852-LECYP,0.5,No
8571-ZCMCX,0.0,No
3541-ZNUHK,0.5,Yes
9500-WBGRP,0.0,No
8734-DKSTZ,0.25,Yes
1231-YNDEK,0.0,No
2408-TZMJL,1.0,Yes
4443-EMBNA,0.2,No
8752-GHJFU,0.0,No
0277-BKSQP,0.3333333333333333,No
9207-ZPANB,0.0,No
5697-GOMBF,0.5,No
0298-XACET,0.0,No
0822-QGCXA,0.0,No
7109-CQYUZ,0.0,No
7669-LCRSD,0.0,No
2626-URJFX,1.0,No
6719-OXYBR,0.5,Yes
7665-VIGUD,0.0,No
2897-DOVND,0.5,Yes
4056-QHXHZ,0.0,No
0265-PSUAE,0.0,No
7765-LWVVH,0.0,No
8098-LLAZX,1.0,Yes
3249-VHRIP,0.0,No
1564-NTYXF,1.0,Yes
3902-FOIGH,0.5,Yes
2812-REYAT,0.0,No
4817-QRJSX,0.5,No
8681-ICONS,0.25,No
1587-FKLZB,1.0,No
3178-FESZO,1.0,No
8313-AFGBW,0.0,No
2436-QBZFP,0.0,No
0285-INHLN,0.0,No
6616-AALSR,0.0,No
5177-RVZNU,0.0,No
9700-ZCLOT,0.1,No
8079-XRJRS,1.0,No
2839-RFSQE,0.25,No
7065-YUNRY,0.6666666666666666,No
9651-GTSAQ,1.0,No
8849-PRIQJ,0.0,Yes
5243-SAOTC,0.5,No
6650-VJONK,0.0,No
4884-ZTHVF,0.5,Yes
9317-WZPGV,1.0,No
7634-WSWDB,0.0,No
2176-LVPNX,0.0,No
4931-TRZWN,0.0,No
4750-ZRXIU,1.0,Yes
1866-ZSLJM,0.0,No
8775-CEBBJ,1.0,No
4176-FXYBO,0.5,No
6569-KTMDU,0.0,No
8309-PPCED,0.0,No
8344-WFMFH,0.3333333333333333,No
2592-SEIFQ,1.0,Yes
6959-UWKHF,1.0,No
8809-XKHMD,0.0,No
2499-AJYUA,0.0,No
3518-PZXZQ,0.2,No
4952-YSOGZ,0.25,Yes
1628-BIZYP,0.75,Yes
1485-YDHMM,0.0,No
1293-HHSHJ,0.0,No
1891-UAWWU,0.6666666666666666,Yes
5485-WUYWF,0.25,No
8100-PNJMH,0.0,No
3969-GYXEL,0.0,Yes
8823-RLPWL,0.0,No
5686-CMAWK,0.0,No
4800-VHZKI,0.4,No
4526-EXKKN,0.0,No
2636-SJDOU,0.0,No
0515-YPMCW,1.0,Yes
5176-OLSKT,0.0,No
4647-XXZAM,0.0,No
4234-XTNEA,0.5,Yes
4119-ZYPZY,0.0,No
3373-YZZYM,0.0,No
1699-TLDLZ,0.0,No
0423-UDIJQ,0.3333333333333333,No
7963-GQRMY,0.5,No
7762-ONLJY,0.0,No
5294-CDGWY,0.5,No
5628-FCGYG,0.0,Yes
6352-GIGGQ,0.0,No
9066-QRSDU,0.0,No
1106-HRLKZ,0.0,No
0794-YVSGE,0.0,No
2346-LOCWC,0.0,No
1167-OYZJF,0.0,No
7912-SYRQT,1.0,Yes
2108-YKQTY,1.0,No
5549-ZGHFB,0.0,No
3966-HRMZA,0.0,Yes
2402-TAIRZ,0.0,No
3577-AMVUX,0.0,No
1089-XZWHH,0.0,No
6345-ULYRW,1.0,No
2983-ZANRP,0.5,Yes
0650-BWOZN,0.0,Yes
2080-CAZNM,0.75,Yes
3144-AUDBS,0.3333333333333333,No
2546-KZAAT,0.0,No
0786-VSSUD,1.0,No
4840-ORQXB,0.0,Yes
6047-YHPVI,0.5,Yes
6646-VRFOL,1.0,Yes
8331-ZXFOE,0.0,No
2951-QOQTK,1.0,No
9481-SFCQY,0.0,No
2320-SLKMB,0.0,No
1794-HBQTJ,1.0,No
8690-ZVLCL,0.0,No
6242-FEGFD,0.0,No
1731-TVIUK,0.5,Yes
9084-OAYKL,0.0,No
7131-ZQZNK,0.0,No
8495-LJDFO,0.0,No
8510-BBWMU,0.0,No
7047-FWEYA,0.0,No
3551-GAEGL,0.0,No
9385-NXKDA,0.0,No
3520-FJGCV,0.0,No
6469-MRVET,0.0,No
7973-DZRKH,0.0,No
6507-DTJZV,0.25,No
8943-URTMR,1.0,Yes
2683-BPJSO,1.0,Yes
7853-GVUDZ,0.5,No
2842-JTCCU,1.0,No
5299-SJCZT,1.0,No
0772-GYEQQ,1.0,Yes
7968-QUXNS,0.5,No
0963-ZBDRN,0.6666666666666666,Yes
5046-NUHWD,0.5,No
4544-RXFMG,0.0,No
0422-OHQHQ,0.0,No
8775-LHDJH,0.75,Yes
6712-OAWRH,0.5,Yes
2277-AXSDC,0.0,No
5175-WLYXL,0.5,Yes
5781-BKHOP,0.0,No
7767-UXAGJ,0.75,No
2001-MCUUW,0.0,No
5392-AKEMH,0.5,No
1548-ARAGG,0.5,No
1501-SGHBW,0.3333333333333333,No
5339-TJFEK,0.5,No
4450-DLLMH,0.5,Yes
7274-CGTOD,0.0,No
9153-BTBVV,0.0,No
5536-RTPWK,0.6666666666666666,No
0225-ZORZP,0.6666666666666666,Yes
1098-KFQEC,0.0,No
8734-FNWVH,0.0,No
9327-QSDED,0.0,No
4818-DRBQT,1.0,Yes
0481-SUMCB,0.0,No
0436-TWFFZ,0.0,No
8042-RNLKO,0.0,No
0434-CSFON,0.0,Yes
2612-RRIDN,0.75,Yes
4990-ALDGW,0.0,No
1264-FUHCX,0.0,No
4676-WLUHT,0.0,No
3865-ZFZIB,0.0,No
7471-MQPOS,0.0,No
0690-SRQID,0.2857142857142857,No
7530-HDYDS,1.0,No
4951-UKAAQ,1.0,Yes
9308-ANMVE,0.2,No
8628-MFKAX,0.0,No
6061-GWWAV,0.0,No
2169-RRLFW,0.0,No
7021-XSNYE,0.0,No
2676-ISHSF,0.0,No
2931-FSOHN,0.0,No
0254-WWRKD,0.0,No
9932-WBWIK,0.2727272727272727,No
4987-GQWPO,0.3333333333333333,No
6173-ITPWD,1.0,No
5216-WASFJ,0.6666666666666666,Yes
9705-ZJBCG,0.5,No
2265-CYWIV,1.0,Yes
5777-ZPQNC,0.0,No
6137-NICCO,0.0,Yes
9540-JYROE,0.6666666666666666,Yes
1266-NZYUI,0.0,No
3186-BAXNB,1.0,Yes
0404-AHASP,0.0,No
0196-JTUQI,0.6666666666666666,Yes
3556-BVQGL,0.0,No
0582-AVCLN,0.0,No
1875-QIVME,0.75,Yes
4403-BWPAY,0.0,No
9546-KDTRB,0.0,No
2877-VDUER,0.0,No
1131-ALZWV,0.0,No
4020-KIUDI,0.5,No
6120-RJKLU,0.0,No
9591-YVTEB,0.0,No
0723-VSOBE,0.0,No
3714-NTNFO,0.8,Yes
0320-JDNQG,1.0,Yes
2159-TURXX,0.14285714285714285,No
3422-WJOYD,0.0,No
4135-FRWKJ,0.0,No
2351-BKRZW,0.0,No
5740-YHGTW,0.0,No
7929-SKFGK,0.0,No
8800-ZKRFW,0.0,No
6286-SUUWT,0.125,No
6619-RPLQZ,0.0,No
2607-DHDAK,0.0,No
3908-MKIMJ,0.0,No
2239-JALAW,1.0,No
5206-XZZQI,0.3333333333333333,Yes
0519-DRGTI,0.2727272727272727,No
9955-QOPOY,0.0,No
5468-BPMMO,0.2857142857142857,No
3181-VTHOE,0.0,No
1907-YLNYW,0.0,No
5016-ETTFF,1.0,No
5168-MSWXT,0.4,Yes
6705-LXORM,0.0,Yes
0829-DDVLK,0.0,No
2208-UGTGR,0.0,Yes
6521-YYTYI,1.0,Yes
6942-LBFDP,0.3333333333333333,No
0096-FCPUF,0.0,No
1555-HAPSU,0.0,No
0533-BNWKF,0.6,Yes
5922-ABDVO,0.5,Yes
7096-ZNBZI,0.0,No
2985-JUUBZ,0.0,No
4881-GQJTW,0.0,No
9575-IWCAZ,0.0,No
5440-VHLUL,0.3333333333333333,No
7426-WEIJX,0.0,Yes
5249-QYHEX,0.0,No
1383-EZRWL,0.14285714285714285,No
6457-GIRWB,0.75,Yes
4909-JOUPP,0.0,No
7439-DKZTW,0.3333333333333333,Yes
0537-QYZZN,0.25,Yes
7795-CFOCW,0.0,No
1257-SXUXQ,0.16666666666666666,No
0567-GGCAC,0.0,No
4143-OOBWZ,1.0,Yes
2120-SMPEX,0.14285714285714285,No
4397-FRLTA,0.14285714285714285,No
2207-NHRJK,0.5,No
4472-LVYGI,0.0,No
8294-UIMBA,0.0,No
2586-CWXVV,0.5,No
2030-BTZRO,0.0,No
8263-JQAIK,1.0,Yes
4054-CUMIA,0.1,No
2832-KJCRD,0.0,Yes
4826-XTSOH,0.3333333333333333,Yes
2432-TFSMK,0.0,No
6040-CGACY,0.2857142857142857,No
7217-JYHOQ,0.0,No
0689-NKYLF,1.0,Yes
3007-FDPEA,0.0,No
3567-PQTSO,0.0,No
6828-HMKWP,0.0,No
3374-TTZTK,0.0,No
2672-OJQZP,0.0,No
1200-TUZHR,0.5,Yes
8372-JUXUI,0.7142857142857143,Yes
3721-CNZHX,0.0,No
2694-CIUMO,0.0,No
5186-SAMNZ,0.5,Yes
6432-TWQLB,1.0,Yes
3258-ZKPAI,0.0,No
8490-BXHEO,0.0,Yes
6862-CQUMB,0.0,No
9962-BFPDU,0.14285714285714285,No
3096-IZETN,1.0,No
8063-GBATB,1.0,Yes
8466-PZBLH,0.0,No
7480-SPLEF,0.0,No
9670-BPNXF,0.0,No
0301-KOBTQ,0.0,No
1942-OQFRW,0.0,No
8541-QVFKM,0.5,Yes
6114-TCFID,0.0,No
4484-CGXFK,0.2,No
2495-INZWQ,0.5,No
8990-ZXLSU,0.5,Yes
3472-OAOOR,0.0,No
5914-XRFQB,0.0,No
2398-YPMUR,0.6,Yes
7113-HIPFI,0.0,No
7641-TQFHN,0.0,No
5099-BAILX,1.0,No
8806-EAGWC,0.5,No
5220-AGAAX,0.0,No
5498-TXHLF,1.0,Yes
4626-OZDTJ,0.0,No
8050-WYBND,0.0,No
2133-TSRRM,0.0,No
5370-IIVVL,0.0,No
2458-EOMRE,0.0,No
9739-JLPQJ,0.0,No
0997-YTLNY,0.0,No
4900-MSOMT,0.0,No
9259-PACGQ,1.0,No
5010-IPEAQ,0.0,No
7010-BRBUU,0.0,No
1052-QJIBV,0.0,No
9828-AOQLM,1.0,No
1379-FRVEB,0.3333333333333333,Yes
6284-KMNUF,0.0,No
8749-TZYEC,0.0,No
2845-KDHVX,0.0,No
9069-LGEUL,0.0,No
8780-YRMTT,0.0,No
9647-ERGBE,1.0,Yes
6807-SIWJI,0.0,No
6527-PZFPV,0.5,No
9795-SHUHB,0.0,No
0956-ACVZC,0.0,No
2845-AFFTX,0.5,Yes
6023-YEBUP,1.0,Yes
6656-GULJQ,0.0,No
7774-OJSXI,1.0,No
6258-NGCNG,0.0,No
1680-VDCWW,0.0,No
1194-HVAIF,0.0,No
7074-STDCN,0.0,No
6680-NENYN,1.0,No
6100-FJZDG,0.0,No
4641-FROLU,0.0,No
6615-ZGEDR,0.5,No
6893-ODYYE,0.0,No
8406-LNMHF,0.0,No
9537-JALFH,0.0,No
4795-UXVCJ,0.0,No
3256-EZDBI,0.0,No
3696-XRIEN,0.0,No
3757-NJYBX,1.0,Yes
2883-ILGWO,0.0,No
2800-QQUSO,0.0,Yes
4512-ZUIYL,0.6666666666666666,Yes
6166-YIPFO,0.0,No
8565-CLBZW,0.25,Yes
2575-GFSOE,1.0,Yes
1567-DSCIC,1.0,Yes
8800-JOOCF,0.2,Yes
3466-WAESX,0.0,No
6349-JDHQP,0.0,No
8984-EYLLL,0.0,No
4072-IPYLT,0.0,No
5655-JSMZM,0.6666666666666666,Yes
3707-LRWZD,1.0,No
9617-INGJY,0.5,Yes
6609-MXJHJ,0.0,No
5180-UCIIQ,1.0,No
9851-KIELU,1.0,No
9518-RWHZL,1.0,No
7632-MNYOY,1.0,No
5562-BETPV,0.0,No
6257-RJOHI,0.5,No
0495-RVCBF,0.6666666666666666,Yes
1525-LNLOJ,0.0,No
6172-FECYY,0.8,Yes
9814-AOUDH,0.0,No
6207-WIOLX,0.5,No
2172-EJXVF,0.0,No
0257-ZESQC,0.6666666666666666,Yes
1810-BOHSY,0.0,No
6754-WKSHP,0.0,No
6110-OHIHY,1.0,Yes
9685-WKZGT,0.6666666666666666,Yes
9776-CLUJA,1.0,Yes
0816-TSPHQ,0.0,No
6135-OZQVA,0.0,No
6253-WRFHY,0.0,No
1410-RSCMR,0.0,No
8882-TLVRW,0.0,No
0356-ERHVT,0.0,No
8844-TONUD,1.0,Yes
0374-FIUCA,0.0,No
0396-UKGAI,0.0,No
3896-ZVNET,0.0,No
5562-YJQGT,0.0,No
8292-ITGYJ,0.0,No
0787-LHDYT,0.0,No
4549-ZDQYY,0.0,No
6898-MDLZW,0.0,No
8444-WRIDW,1.0,Yes
7047-YXDMZ,0.1,No
0875-CABNR,1.0,No
6599-RCLCJ,0.5,No
9537-VHDTA,0.0,No
4749-OJKQU,0.3333333333333333,Yes
0386-CWRGM,0.0,No
2754-VDLTR,1.0,Yes
2824-DXNKN,0.0,No
7638-QVMVY,1.0,Yes
9448-REEVD,1.0,No
2719-BDAQO,1.0,Yes
2162-FRZAA,0.0,No
4692-NNQRU,0.0,No
2834-JRTUA,1.0,No
0125-LZQXK,0.5,Yes
5386-THSLQ,0.0,No
3486-KHMLI,0.0,No
1855-AGAWH,0.5,No
4220-TINQT,0.3333333333333333,No
7409-KIUTL,1.0,Yes
8861-HGGKB,1.0,Yes
2384-OVPSA,0.0,No
9588-YRFHY,0.0,No
6402-EJMWF,0.2,No
4835-YSJMR,0.0,No
7502-BNYGS,0.0,No
4718-DHSMV,0.0,No
5519-TEEUH,0.0,No
1763-WQFUK,0.5,No
5626-MGTUK,0.0,No
9646-NMHXE,0.0,No
3392-EHMNK,0.0,No
4137-BTIKL,0.0,Yes
8727-XDPUD,0.0,No
7245-JMTTQ,0.0,No
7017-VFHAY,0.0,No
5120-ZBLAI,0.0,No
5150-LJNSR,0.0,No
6860-YRJZP,0.0,Yes
7233-PAHHL,0.0,No
5630-AHZIL,0.0,No
8920-NAVAY,0.0,No
3027-YNWZU,0.0,No
3050-GBUSH,0.0,No
2007-QVGAW,0.0,No
1929-ZCBHE,0.0,No
3411-WLRSQ,0.0,No
2100-BDNSN,1.0,No
5183-SNMJQ,0.0,No
1568-LJSZU,0.0,No
9121-PHQSR,0.0,No
8735-NBLWT,0.16666666666666666,No
8104-OSKWT,0.0,Yes
5542-DHSXL,0.0,No
9845-QOMAD,0.0,No
0924-BJCRC,0.0,Yes
7666-WKRON,1.0,No
8382-SHQEH,1.0,Yes
3115-JPJDD,0.0,No
4778-IZARL,0.0,No
7133-VBDCG,0.5,No
7855-DIWPO,0.0,Yes
4396-KLSEH,0.2857142857142857,No
9822-OAOVB,0.0,No
2799-ARNLO,0.75,Yes
2468-SJFLM,0.25,Yes
0973-KYVNF,0.0,No
4701-AHWMW,0.5,No
4187-CINZD,1.0,No
6867-ACCZI,0.0,No
3669-OYSJI,1.0,No
6439-LAJXL,0.0,No
7248-VZQLC,0.5,No
8894-JVDCV,0.0,No
0348-SDKOL,1.0,No
5193-QLVZB,0.0,No
8495-PRWFH,0.0,No
4971-PUYQO,0.25,Yes
4558-FANTW,1.0,Yes
4824-GUCBY,0.0,Yes
5650-VDUDS,1.0,Yes
8869-LIHMK,0.0,No
7175-NTIXE,0.0,No
8401-EMUWF,0.0,No
9496-IVVRP,0.0,No
7305-ZWMAJ,0.0,No
9924-JPRMC,0.0,No
4001-TSBTV,0.0,Yes
6304-IJFSQ,0.2,No
6429-SHBCB,0.0,No
5970-GHJAW,0.0,No
5569-KGJHX,0.75,No
3071-MVJCD,0.0,No
0268-QKIWO,0.3333333333333333,No
7860-UXCRM,0.0,No
0799-DDIHE,0.3333333333333333,No
4597-NUCQV,1.0,Yes
7710-JSYOA,0.0,No
2040-OBMLJ,0.0,No
0868-VJRDR,0.0,No
9499-XPZXM,0.0,No
0375-HVGXO,0.6666666666666666,No
1582-RAFML,1.0,No
1213-NGCUN,1.0,No
3181-MIZBN,0.3333333333333333,No
1268-ASBGA,0.75,No
2696-ECXKC,0.0,No
5195-KPUNQ,0.5,No
9028-LIHRP,0.0,No
5808-TOTXO,0.0,No
8015-IHCGW,0.0,No
1197-BVMVG,0.5,Yes
9036-CSKBW,0.0,No
3235-ETOOB,0.6666666666666666,Yes
4652-NNHNY,1.0,Yes
7481-ATQQS,1.0,No
5092-STPKP,0.0,No
5222-JCXZT,0.25,No
4432-ADRLB,1.0,No
3130-ICDUP,0.0,Yes
6474-FVJLC,1.0,Yes
4627-MIHJH,0.0,No
9278-VZKCD,0.0,No
2866-IKBTM,0.2,No
2675-OTVVJ,0.0,Yes
7776-QGYJC,0.5,No
0668-OGMHD,0.0,No
4735-ASGMA,0.5,Yes
1496-GGSUK,1.0,No
9224-VTYID,0.0,No
2789-CZANW,0.0,No
1022-RKXDR,0.0,No
1309-BXVOQ,1.0,No
3870-SPZSI,0.0,No
5520-FVEWJ,0.8,Yes
2229-VWQJH,0.0,No
1775-KWJKQ,0.0,No
6859-RKMZJ,0.5,No
3765-JXVKY,0.75,Yes
8608-OZTLB,0.0,No
9290-SHCMB,0.0,Yes
5382-SOYZL,0.5,Yes
2200-DSAAL,0.0,No
8433-WPJTV,0.0,No
1400-WIVLL,0.0,No
8952-WCVCD,0.0,No
7596-IIWYC,0.0,No
6484-LATFU,0.0,No
8590-OHDIW,0.0,No
1094-BKOSX,0.0,No
8755-IWJHN,0.0,No
1183-CANVH,0.0,No
8062-YBDOE,0.8333333333333334,Yes
1406-PUQVY,0.2,No
2225-ZRGSG,1.0,No
3503-TYDAY,0.25,Yes
1349-WXNGG,0.14285714285714285,No
3904-UKFRE,0.0,Yes
8327-WKMIE,0.0,No
2239-CGBUZ,0.0,No
4513-CXYIX,0.0,No
9916-AYHTC,0.0,No
9609-BENEA,0.0,No
1285-OKIPP,1.0,Yes
5118-MUEYH,0.0,No
0927-CNGRH,0.2,No
7459-RRWQZ,1.0,No
5472-CVMDX,0.0,No
7321-ZNSLA,0.0,No
2947-DOMLJ,0.75,No
6500-JVEGC,0.0,No
2676-SSLTO,0.0,No
4195-PNGZS,0.0,No
1852-XEMDW,0.0,No
6718-BDGHG,0.0,No
2573-GYRUU,0.5,No
7515-LODFU,0.0,No
5816-QVHRX,0.5,No
1444-VVSGW,1.0,No
5641-DMBFJ,0.0,No
9248-OJYKK,1.0,Yes
3137-LUPIX,0.0,No
2249-YPRNG,1.0,Yes
9840-DVNDC,1.0,Yes
6549-YMFAW,0.0,No
4049-ZPALD,0.0,No
6145-NNPNO,0.0,No
6907-NZZIJ,1.0,Yes
0263-FJTQO,0.0,No
3640-JQGJG,0.0,No
1820-DJFPH,0.0,No
4680-KUTAJ,0.0,No
2642-MAWLJ,0.0,No
8957-THMOA,0.0,No
9112-WSNPU,0.3333333333333333,Yes
4079-ULGFR,0.1,No
7706-YLMQA,0.0,No
3540-RZJYU,1.0,Yes
9801-GDWGV,0.5,Yes
7209-JCUDS,0.3333333333333333,Yes
5583-SXDAG,1.0,Yes
2525-GVKQU,0.0,No
5515-IDEJJ,0.4,No
5473-KHBPS,0.0,No
2880-FPNAE,0.5,Yes
5797-APWZC,0.75,Yes
9172-ANCRX,0.75,Yes
7876-BEUTG,0.0,No
2038-YSEZE,0.0,No
8128-YVJRG,1.0,Yes
9851-QXEEQ,1.0,Yes
0354-VXMJC,0.0,No
1833-VGRUM,0.5,Yes
5447-VYTKW,0.0,No
1722-LDZJS,0.0,No
7803-XOCCZ,0.0,No
4983-CLMLV,0.0,No
6050-FFXES,0.0,No
9494-BDNNC,0.0,No
9124-LHCJQ,0.6,Yes
4695-WJZUE,1.0,Yes
9169-BSVIN,0.0,No
2746-DIJLO,0.0,No
3569-JFODW,0.0,No
4013-UBXWQ,1.0,No
4565-EVZMJ,0.0,No
4104-PVRPS,0.0,No
0177-PXBAT,0.0,No
8591-TKMZH,0.0,No
2587-YNLES,0.0,No
4742-DRORA,0.0,No
0682-USIXD,0.3333333333333333,Yes
4176-RELJR,0.0,No
4860-YZGZM,0.1,No
2045-BMBTJ,0.0,No
3162-ZJZFU,0.0,Yes
7365-BVCJH,0.3333333333333333,Yes
3892-NXAZG,0.0,No
7375-WMVMT,0.0,No
9554-DFKIC,0.0,No
4718-WXBGI,0.0,No
8205-VSLRB,0.0,No
5016-LIPDW,0.0,No
9250-WYPLL,0.5,Yes
8024-XNAFQ,0.0,No
9239-GZHZE,0.0,No
2506-TNFCO,0.6,Yes
1202-KKGFU,0.0,No
7634-HLQJR,0.0,No
3452-ABWRL,0.5,No
2123-VSCOT,0.0,No
7739-LAXOG,0.5,No
8624-GIOUT,1.0,No
9681-KYGYB,0.0,Yes
7551-JOHTI,0.5,No
3445-HXXGF,0.6666666666666666,No
1163-VIPRI,0.0,No
4789-KWMXN,1.0,No
5167-ZFFMM,1.0,No
6496-SLWHQ,0.5,Yes
9625-RZFUK,0.0,No
6967-PEJLL,0.0,No
8627-EHGIP,1.0,No
8821-KVZKQ,0.0,No
5447-WZAFP,0.0,No
3453-RTHJQ,0.5,Yes
9357-UJRUN,0.0,No
2243-FNMMI,0.16666666666666666,No
9979-RGMZT,0.0,No
9885-MFVSU,0.0,No
8336-TAVKX,0.0,No
0810-DHDBD,0.0,No
0326-VDYXE,0.0,No
3162-KKZXO,0.5,No
3452-SRFEG,0.0,No
4452-QIIEB,0.0,No
4612-THJBS,1.0,No
6180-YBIQI,0.0,Yes
0329-GTIAJ,1.0,Yes
5913-INRQV,0.0,No
2863-IMQDR,0.0,No
8739-XNIKG,0.0,Yes
7218-HKQFK,0.75,Yes
0962-CQPWQ,0.0,No
4566-QVRRW,1.0,No
9330-DHBFL,0.0,No
6156-UZDLF,0.0,No
2000-DHJUY,0.0,No
2754-SDJRD,0.0,No
1092-WPIVQ,0.0,No
2782-JEEBU,0.0,No
1845-CSBRZ,0.75,No
4211-MMAZN,0.1,No
9371-BITHB,0.0,No
9895-VFOXH,0.3333333333333333,Yes
6814-ZPWFQ,0.0,No
2252-ISRNH,0.0,No
4525-VZCZG,0.0,No
9054-FOWNV,0.0,Yes
9593-CVZKR,0.0,No
8003-EWNDZ,0.0,No
3646-ITDGM,0.0,No
3572-UOLYZ,0.5,No
8634-CILSZ,1.0,No
6967-QIQRV,0.0,No
1343-EHPYB,1.0,Yes
6296-DDOOR,0.0,No
5546-BYZSM,0.0,No
8695-WDYEA,0.0,No
8276-MQBYC,1.0,Yes
0220-EBGCE,1.0,Yes
7636-XUHWW,0.0,No
4654-ULTTN,0.5,No
4682-BLBUC,0.0,No
9938-TKDGL,0.0,No
6821-JPCDC,0.0,No
7402-EYFXX,0.0,Yes
3898-GUYTS,0.0,Yes
1761-AEZZR,1.0,Yes
6390-DSAZX,1.0,Yes
2369-UAPKZ,0.3333333333333333,Yes
8194-PEEBY,0.0,No
8329-UTMVM,0.0,No
2878-DHMIN,0.0,No
6671-NGWON,0.2727272727272727,No
5965-GGPRW,0.0,No
4471-KXAUH,0.6666666666666666,Yes
4138-NAXED,0.5,No
0224-NIJLP,0.0,No
0401-WDBXM,0.0,No
0701-RFGFI,0.0,No
5673-TIYIB,1.0,No
3786-WOVKF,0.0,No
2876-GZYZC,0.25,Yes
2075-RMJIK,0.25,No
3740-RLMVT,0.0,No
0373-AIVNJ,0.0,No
0640-YJTPY,0.0,No
2920-RNCEZ,0.5,Yes
7147-AYBAA,0.25,Yes
4009-ALQFH,1.0,Yes
9674-EHPPG,0.0,No
6480-YAGIY,0.0,No
8642-GVWRF,1.0,No
7377-DMMRI,1.0,No
3957-SQXML,0.0,No
5329-KRDTM,0.0,No
8160-HOWOX,0.0,No
2466-FCCPT,0.0,No
2205-LPVGL,0.0,No
6143-JQKEA,0.0,No
7647-GYYKX,0.0,No
1172-VIYBP,0.0,No
6242-MBHPK,0.5,Yes
3777-XROBG,0.0,No
3318-OSATS,1.0,Yes
8617-ENBDS,0.0,Yes
7025-IWFHT,0.0,No
7395-IGJOS,0.5,No
3863-IUBJR,0.5,No
1470-PSXNM,0.0,No
1898-JSNDC,0.0,No
2498-XLDZR,0.0,No
6421-SZVEM,0.0,No
8779-YIQQA,0.0,No
1352-VHKAJ,0.0,No
6837-BJYDQ,0.0,No
1834-WULEG,0.0,No
2233-TXSIU,0.0,No
3283-WCWXT,0.0,No
3721-WKIIL,0.0,No
7126-RBHSD,0.3333333333333333,Yes
4877-EVATK,0.1,No
2809-ZMYOQ,0.5,Yes
4273-MBHYA,0.3333333333333333,Yes
5035-PGZXH,0.0,No
9512-UIBFX,0.6666666666666666,Yes
3192-LNKRK,0.2,Yes
4541-RMRLG,0.42857142857142855,No
9961-JBNMK,1.0,No
0281-CNTZX,0.0,No
2988-GBIVW,0.0,Yes
9031-ZVQPT,0.0,No
1360-RCYRT,0.0,No
1116-FRYVH,0.0,No
5533-RJFTJ,0.0,No
2088-IEBAU,0.0,No
9734-UYXQI,0.25,No
5240-IJOQT,0.75,Yes
0679-TDGAK,0.0,No
4661-NJEUX,0.14285714285714285,No
0946-FKYTX,0.0,No
0687-ZVTHB,1.0,No
0488-GSLFR,1.0,Yes
7356-AYNJP,0.0,No
1020-JPQOW,0.0,Yes
7975-JMZNT,0.0,No
8410-BGQXN,0.16666666666666666,No
6211-WHMYA,0.0,No
6341-AEVKX,0.0,No
2720-FVBQP,0.0,No
4160-AMJTL,0.2857142857142857,No
6030-REHUX,0.0,No
9467-ROOLM,0.0,No
1226-IENZN,0.3333333333333333,Yes
3205-MXZRA,0.0,No
3391-JSQEW,0.25,No
6927-WTFIV,0.5,Yes
6218-KNUBD,0.3333333333333333,No
9743-DQKQW,0.5,Yes
4307-KTUMW,1.0,Yes
3084-DOWLE,0.0,No
0968-GSIKN,0.5,Yes
4948-WBBKL,0.0,No
1096-ADRUX,0.0,No
7340-KEFQE,0.0,No
7048-GXDAY,0.0,No
0639-TSIQW,1.0,No
7854-EDSSA,0.5,No
6670-MFRPK,0.0,No
9108-EJFJP,0.0,No
0107-YHINA,0.5,Yes
9114-VEPUF,0.0,No
4140-MUHUG,0.5,Yes
8592-PLTMQ,0.0,No
9110-HSGTV,0.0,No
8896-RAZCR,0.0,No
5375-XLDOF,0.0,No
0378-XSZPU,0.5,No
2545-EBUPK,0.2,Yes
0835-DUUIQ,0.0,No
1619-YWUBB,0.0,No
8672-OAUPW,0.0,No
9391-LMANN,0.0,No
0151-ONTOV,1.0,Yes
3639-XJHKQ,0.0,No
5701-SVCWR,0.0,No
2068-WWXQZ,0.0,No
9522-BNTHX,0.0,No
2450-ZKEED,0.0,No
8152-VETUR,0.0,No
8634-MPHTR,1.0,Yes
3034-ZBEQN,1.0,No
2139-FQHLM,0.6666666666666666,Yes
3716-LRGXK,0.0,No
0536-ACXIP,0.0,No
8225-BTJAU,1.0,Yes
6603-YRDCJ,0.0,No
7943-RQCHR,0.4,Yes
1218-VKFPE,0.25,No
0975-UYDTX,0.0,No
2325-NBPZG,0.0,Yes
4077-CROMM,1.0,Yes
8356-WUAOJ,0.5,No
8261-GWDBQ,0.0,No
5242-UOWHD,0.0,No
3275-RHRNE,0.0,No
7639-LIAYI,0.0,No
6985-HAYWX,0.0,No
1219-NNDDO,0.0,Yes
8232-CTLKO,0.0,No
2599-CZABP,0.0,No
2404-JIBFC,0.0,No
5442-BHQNG,0.25,Yes
1950-KSVVJ,0.0,No
4597-ELFTS,0.5,No
2971-SGAFL,0.0,No
5792-JALQC,0.0,No
0322-CHQRU,0.5,No
3143-JQEGI,1.0,Yes
5982-XMDEX,0.0,No
7688-AWMDX,0.0,No
9708-HPXWZ,0.0,No
6538-POCHL,0.0,No
5154-VEKBL,0.5,No
1251-STYSZ,0.6666666666666666,Yes
0439-IFYUN,0.75,Yes
4391-LNRXK,0.0,No
0374-AACSZ,0.25,No
1629-DQQVB,0.0,No
3933-DQPWX,0.0,No
3351-NGXYI,0.0,No
8468-FZTOE,0.0,No
3873-NFTGI,0.0,No
1716-LSAMB,0.0,No
2990-HWIML,1.0,Yes
1395-OFUWC,0.0,No
2474-LCNUE,0.0,No
1113-IUJYX,1.0,Yes
3030-ZKIWL,0.14285714285714285,No
2718-GAXQD,0.6666666666666666,No
3488-PGMQJ,0.6666666666666666,Yes
5461-QKNTN,0.0,Yes
9904-EHEVJ,0.0,Yes
2359-QWQUL,1.0,No
4730-AWNAU,0.0,No
6906-MPARY,0.0,No
1245-HARPS,0.0,No
8849-AYPTR,0.5,Yes
6976-BWGLQ,0.0,No
8597-CWYHH,0.0,No
1272-ILHFG,0.0,No
3082-VQXNH,0.0,No
6339-YPSAH,0.0,Yes
2560-WBWXF,0.0,No
0347-UBKUZ,0.4,No
5751-USDBL,0.0,No
1846-XWOQN,0.6,Yes
5091-HFAZW,0.0,Yes
6345-HOVES,0.0,No
8259-NFJTV,0.0,No
8992-OBVDG,0.5,No
6878-GGDWG,0.3333333333333333,No
4634-JLRJT,0.2727272727272727,No
3812-LRZIR,0.0,No
2833-SLKDQ,0.5,No
9178-JHUVJ,0.0,No
5055-MGMGF,0.5,No
4815-YOSUK,0.0,No
7663-CUXZB,0.0,No
3088-LHEFH,0.0,No
1297-VQDRP,0.0,No
9606-PBKBQ,0.75,Yes
3324-OIRTO,0.0,No
3982-XWFZQ,0.5,No
5872-OEQNH,0.0,No
7245-NIIWQ,0.5,Yes
7486-KSRVI,1.0,No
1373-ORVIZ,1.0,No
4853-OITSN,0.25,Yes
7787-BNTZM,0.5,No
1260-TTRXI,0.3333333333333333,No
8773-HHUOZ,1.0,No
5149-CUZUJ,0.0,No
0168-XZKBB,0.5,Yes
2160-GPFXD,0.0,No
9490-DFPMD,1.0,Yes
6217-KDYWC,0.0,No
0701-TJSEF,0.0,No
1209-VFFOC,0.0,No
1074-WVEVG,0.0,No
9052-VKDUW,0.0,No
9374-YOLBJ,0.42857142857142855,No
1740-CSDJP,1.0,No
5393-HJZSM,0.0,No
6169-PGNCD,0.0,No
3482-ABPKK,0.0,No
5206-HPJKM,0.0,No
7781-HVGMK,0.0,No
5651-CPDND,0.6666666666666666,No
1099-GODLO,0.0,No
7874-ECPQJ,0.14285714285714285,No
2956-GGUCQ,0.5,Yes
8932-CZHRQ,0.0,No
5339-PXDVH,0.0,Yes
4884-TVUQF,0.0,No
5639-NTUPK,0.0,No
0661-KQHNK,0.0,No
0052-DCKON,0.0,No
2739-CACDQ,0.0,No
1502-XFCVR,1.0,Yes
4844-JJWUY,1.0,Yes
7410-OIEDU,0.25,Yes
7643-RCHXS,0.0,No
8937-RDTHP,1.0,Yes
2195-ZRVAX,0.5,Yes
2982-VPSGI,1.0,Yes
8631-NBHFZ,0.5,No
5301-GAUUY,0.5,Yes
1069-XAIEM,1.0,Yes
5583-EJXRD,0.0,No
9833-TGFHX,0.0,No
2817-LVCPP,0.0,No
6060-QBMGV,0.0,No
2718-YSKCS,0.0,No
7446-KQISO,0.25,No
3327-YBAKM,0.0,No
8988-ECPJR,1.0,Yes
6861-XWTWQ,1.0,Yes
1577-HKTFG,0.25,No
4656-CAURT,0.0,No
0078-XZMHT,0.0,No
1725-IQNIY,0.25,No
2985-FMWYF,0.5,Yes
8132-YPVBX,0.25,Yes
9402-CXWPL,0.0,No
4619-EVPHY,0.0,No
0621-CXBKL,0.0,No
3836-FZSDJ,0.0,No
4947-DSMXK,0.0,No
2775-SEFEE,0.0,No
8640-SDGKB,1.0,No
3701-SFMUH,0.0,No
1226-UDFZR,0.5,No
6968-GMKPR,0.0,Yes
3884-HCSWG,1.0,Yes
7382-DFJTU,0.5,No
9787-XVQIU,0.6,Yes
3043-TYBNO,0.0,No
3055-VTCGS,0.0,No
9488-FYQAU,0.0,No
4429-WYGFR,0.0,No
9013-AQORL,0.0,No
1427-VERSM,0.75,Yes
9367-OIUXP,0.0,No
6022-KOUQO,0.0,No
0946-CLJTI,0.75,Yes
1579-KLYDT,0.5,Yes
7407-SUJIZ,0.0,No
5955-ERIHD,0.6666666666666666,Yes
4248-QPAVC,0.75,No
9143-CANJF,0.5,No
1091-SOZGA,0.0,No
1195-OIYEJ,1.0,Yes
3422-GALYP,0.5,Yes
4154-AQUGT,1.0,No
9443-JUBUO,0.0,No
8565-WUXZU,0.0,No
5399-ZIMKF,0.6666666666666666,Yes
0201-MIBOL,0.0,No
2892-GESUL,0.0,No
1088-AUUZZ,0.0,No
3214-IYUUQ,0.0,No
4923-ADWXJ,0.0,No
4129-LYCOI,0.0,No
8945-GRKHX,1.0,Yes
6648-INWPS,0.14285714285714285,No
3565-UNOCC,0.6666666666666666,No
2034-CGRHZ,1.0,No
5995-WWKKG,0.0,No
8550-XSXUQ,0.0,No
6773-LQTVT,0.0,No
8433-WXGNA,1.0,Yes
7799-LGRDP,0.0,No
5756-JYOJT,0.0,No
2164-SOQXL,0.14285714285714285,No
2190-PHBHR,0.0,No
0536-BGFMZ,0.6666666666666666,No
8178-EYZUO,1.0,Yes
8199-ZLLSA,1.0,No
4194-FJARJ,0.0,No
1981-INRFU,0.5,Yes
9940-HPQPG,1.0,No
4872-JCVCA,0.0,No
6131-IUNXN,0.2857142857142857,No
0031-PVLZI,0.2727272727272727,No
9509-MPYOD,0.0,No
6608-QQLVK,0.5,No
5480-HPRRX,1.0,Yes
5685-IIXLY,1.0,Yes
8722-NGNBH,1.0,No
2322-VCZHZ,0.0,Yes
2085-BOJKI,0.0,No
0480-KYJVA,0.0,No
4238-HFHSN,0.0,Yes
3334-CTHOL,1.0,No
9070-BCKQP,0.0,No
6685-GBWJZ,0.0,No
6366-XIVKZ,0.0,No
5918-VUKWP,0.0,No
9281-OFDMF,0.0,Yes
6357-JJPQT,0.0,Yes
0366-NQSHS,0.0,No
9172-JITSM,0.6666666666666666,Yes
5324-KTGCG,0.0,No
1353-LJWEM,0.0,No
2580-ATZSQ,0.0,No
7182-OVLBJ,0.0,No
9419-IPPBE,0.0,No
9334-GWGOW,0.5,Yes
8908-SLFCJ,0.0,No
9351-HXDMR,0.0,No
5543-QDCRY,0.0,No
6633-MPWBS,0.3333333333333333,No
3620-EHIMZ,0.0,No
8496-DMZUK,0.0,No
5899-MQZZL,0.6666666666666666,Yes
4012-ZTHBR,0.25,No
1809-DMJHQ,0.6666666666666666,No
4976-LNFVV,0.0,No
7030-FZTFM,0.0,No
9617-UDPEU,0.0,No
3764-MNMOI,0.0,No
2189-WWOEW,0.5,No
4163-NCJAK,0.0,No
9297-EONCV,0.0,No
8775-ERLNB,0.25,Yes
2865-TCHJW,0.4,Yes
9625-QSTYE,0.5,Yes
8647-SDTWQ,0.25,Yes
1730-ZMAME,0.5,Yes
9547-ITEFG,0.0,No
0533-UCAAU,0.0,No
0098-BOWSO,0.16666666666666666,No
0023-UYUPN,0.0,No
1492-QGCLU,0.0,No
5839-SUYVZ,0.0,No
5136-GFPMB,0.0,No
9061-TIHDA,0.5,Yes
0111-KLBQG,0.0,Yes
3948-XHGNA,1.0,No
5331-RGMTT,0.6666666666666666,No
5334-AFQJB,0.0,No
3584-WKTTW,0.0,No
3413-DHLPB,0.0,No
2560-PPCHE,0.0,No
4713-LZDRV,1.0,Yes
9025-ZRPVR,0.5,No
6614-FHDBO,0.0,No
9742-XOKTS,0.0,No
9629-NHXFW,0.16666666666666666,No
3709-OIJEA,0.0,No
8319-QBEHW,0.0,No
6726-NNFWD,0.0,No
9912-OMZDS,0.0,Yes
1223-UNPKS,0.0,No
4482-FTFFX,0.5,No
9445-ZUEQE,0.5,No
2858-EIMXH,0.0,No
9861-PDSZP,0.0,No
2959-FENLU,0.0,No
2357-COQEK,1.0,Yes
4801-KFYKL,0.0,No
6344-SFJVH,0.0,No
2955-BJZHG,1.0,Yes
8785-EPNCG,1.0,No
6645-MXQJT,0.0,Yes
5349-IECLD,1.0,Yes
1754-GKYPY,0.0,No
1498-DQNRX,0.2857142857142857,No
4322-RCYMT,1.0,No
7088-FBAWU,0.0,No
5816-SCGFC,0.0,No
3317-VLGQT,0.0,Yes
4686-GEFRM,0.0,No
6502-HCJTI,1.0,No
6749-UTDVX,0.0,No
1131-QQZEB,0.0,No
9605-WGJVW,0.0,Yes
0761-AETCS,0.4,No
8268-YDIXR,0.0,No
9758-MFWGD,0.0,No
3096-YXENJ,0.0,No
4565-NLZBV,0.0,No
6584-VQMYT,0.0,No
7815-PDTHL,0.0,No
8208-EUMTE,0.0,No
7321-KKSDU,0.0,No
7729-XBTWX,0.0,No
6384-VMJHP,0.0,No
6178-KFNHS,1.0,Yes
9931-KGHOA,0.6666666666666666,No
8219-VYBVI,0.0,No
8067-NIOYM,0.0,No
4745-LSPLO,0.6666666666666666,No
5498-IBWPI,0.0,No
8087-LGYHQ,0.0,Yes
1850-AKQEP,0.2727272727272727,No
9823-EALYC,0.0,No
1575-KRZZE,0.0,No
9552-TGUZV,0.6666666666666666,Yes
9972-EWRJS,0.0,No
0880-TKATG,0.5,Yes
7243-LCGGZ,0.0,No
4488-KQFDT,0.0,No
7554-NEWDD,0.0,No
9309-BZGNT,0.0,No
9639-BUJXT,0.0,No
9625-QNLUX,0.0,No
8259-DZLIZ,0.0,No
5376-PCKNB,0.0,No
1803-BGNBD,0.3333333333333333,No
9391-EOYLI,0.25,Yes
7850-VWJUU,0.0,Yes
5153-LXKDT,0.0,No
8670-MEFCP,0.0,No
1830-IPXVJ,0.0,No
7198-GLXTC,1.0,Yes
7285-KLOTR,0.0,No
7576-JMYWV,0.0,No
5260-UMPWX,0.0,No
1428-IEDPR,0.0,No
2706-QZIHY,0.0,No
2946-KIQSP,0.0,No
4007-NHVHI,0.0,Yes
2027-CWDNU,0.5,Yes
8485-GJCDN,0.5,Yes
8043-PNYSD,0.0,No
5122-CYFXA,0.0,No
6168-WFVVF,0.75,Yes
4831-EOBFE,0.6666666666666666,No
0674-GCDXG,0.0,No
2081-VEYEH,0.0,No
3466-RITXD,0.0,No
9194-GFVOI,0.0,No
1573-LGXBA,0.0,No
3192-NQECA,0.5,No
3508-CFVZL,0.0,No
3657-COGMW,0.0,No
6578-KRMAW,0.3333333333333333,No
1135-LMECX,0.2857142857142857,No
7825-ECJRF,1.0,No
9850-OWRHQ,1.0,Yes
1077-HUUJM,0.0,Yes
3486-NPGST,0.0,No
2486-WYVVE,0.0,No
2054-PJOCK,0.0,No
4702-IOQDC,0.6666666666666666,Yes
3372-CDXFJ,0.0,No
1465-LNTLJ,0.0,No
1452-UZOSF,0.0,No
0607-MVMGC,0.0,No
2195-VVRJF,0.0,No
3164-AALRN,1.0,No
9504-DSHWM,0.0,No
6394-MFYNG,1.0,No
5924-IFQTT,0.0,No
1061-PNTHC,0.0,No
1352-HNSAW,0.0,No
7234-KMNRQ,0.25,No
3566-CAAYU,0.0,No
9142-XMYJH,0.0,No
8468-EHYJA,0.5,Yes
6317-YPKDH,1.0,No
7722-CVFXN,0.0,No
0722-SVSFK,0.0,Yes
9944-HKVVB,0.5,Yes
8445-DNBAE,0.0,No
3815-SLMEF,0.3333333333333333,No
4759-TRPLW,1.0,Yes
5811-IWXYM,0.0,No
5155-AZQPB,0.2,No
2254-DLXRI,0.75,Yes
0319-QZTCO,0.0,No
3359-DSRKA,0.0,No
8510-AWCXC,1.0,Yes
1448-CYWKC,0.3333333333333333,No
4993-JCRGJ,0.6666666666666666,Yes
4283-IVYCI,0.0,No
0328-GRPMV,0.6666666666666666,Yes
4523-WXCEF,1.0,Yes
4192-GORJT,1.0,Yes
2882-DDZPG,0.0,No
9565-AXSMR,0.0,No
3200-MNQTF,0.0,No
3680-CTHUH,0.0,No
4094-NSEDU,0.8,Yes
6575-SUVOI,0.0,No
5338-YHWYT,0.0,No
6140-QNRQQ,1.0,Yes
2725-TTRIQ,0.0,No
7136-RVDTZ,1.0,No
9555-SAHUZ,0.0,No
1465-WCZVT,0.2857142857142857,No
4918-QLLIW,1.0,No
4664-NJCMS,0.0,No
6734-PSBAW,0.0,No
8107-RZLNV,0.0,No
2796-UUZZO,0.0,Yes
2262-SLNVK,0.6666666666666666,Yes
8626-XHBIE,0.0,No
5213-TWWJU,0.3333333333333333,Yes
5832-XKAES,1.0,Yes
4115-NZRKS,0.25,Yes
4603-JANFB,0.5,Yes
2806-MLNTI,0.0,No
8644-XYTSV,0.0,No
1599-MMYRQ,0.0,No
2482-CZGBB,1.0,Yes
8217-QYOHV,0.0,No
9825-YCXWZ,0.0,No
5906-DVAPM,0.0,No
7083-MIOPC,0.0,No
4854-SSLTN,0.0,No
8413-YNHNV,0.0,No
5795-BKOYE,0.0,No
4657-FWVFY,0.0,No
1474-JUWSM,0.0,No
2680-XKKNJ,0.0,No
7339-POGZN,0.0,No
2082-OJVTK,0.4,Yes
4629-NRXKX,1.0,Yes
1982-FEBTD,0.0,No
5876-QMYLD,0.0,No
5609-IMCGG,0.0,No
4355-HBJHH,1.0,No
7029-RPUAV,1.0,No
2000-MPKCA,0.0,No
8623-TMRBY,1.0,Yes
6311-UEUME,0.3333333333333333,Yes
9948-YPTDG,0.5,Yes
7908-QCBCA,1.0,Yes
3976-HXHCE,0.0,No
1087-GRUYI,0.0,No
3197-ARFOY,0.5,Yes
5482-VXSXJ,0.0,Yes
6496-JDSSB,0.3333333333333333,No
1131-SUEKT,0.0,No
5419-KLXBN,0.5,No
2737-WFVYW,0.5,No
6993-OHLXR,0.5,Yes
1518-VOWAV,1.0,No
6813-GZQCG,0.0,No
5858-EAFCZ,0.3333333333333333,No
2931-VUVJN,0.0,No
6481-ESCNL,0.0,No
5815-HGGHV,0.0,No
9102-OXKFY,0.0,No
2055-BFOCC,0.0,No
9385-EHGDO,0.0,No
2314-TNDJQ,0.0,No
1518-OMDIK,0.0,No
6695-AMZUF,0.0,No
0620-XEFWH,0.3333333333333333,No
0019-GFNTW,0.0,No
8028-PNXHQ,0.0,No
8859-AXJZP,0.0,No
4818-QIUFN,0.75,Yes
1686-STUHN,0.0,No
9451-WLYRI,0.0,No
1047-RNXZV,0.0,No
0840-DCNZE,0.0,No
6992-TKNYO,0.0,No
2342-CKIAO,0.0,No
5337-IIWKZ,0.0,No
5119-NZPTV,0.6666666666666666,Yes
8570-KLJYJ,0.0,No
1194-BHJYC,0.0,No
0489-WMEMG,0.0,No
7873-CVMAW,0.0,No
1371-OJCEK,0.0,No
2480-EJWYP,0.0,No
3315-TOTBP,1.0,Yes
2186-QZEYA,0.0,No
4767-HZZHQ,0.0,No
6297-NOOPG,0.0,No
5539-TMZLF,1.0,Yes
7101-HRBLJ,0.0,No
8990-YOZLV,0.0,No
7746-QYVCO,0.0,No
5271-YNWVR,1.0,No
3799-ISUZQ,0.5,Yes
9430-NKQLY,0.0,No
7130-CTCUS,0.5,No
9168-INPSZ,0.0,Yes
0181-RITDD,0.0,No
2615-YVMYX,0.0,No
5578-NKCXI,0.0,No
0345-XMMUG,0.0,No
4813-HQMGZ,0.5,Yes
0815-MFZGM,0.0,No
7581-EBBOU,0.5,No
9450-TRJUU,0.0,Yes
4424-TKOPW,1.0,Yes
3198-VELRD,1.0,No
8515-OCTJS,0.2,No
2141-RRYGO,1.0,No
1853-ARAAQ,0.0,No
5149-QYTTU,0.0,No
5208-FVQKB,0.0,No
0440-UEDAI,0.0,No
3552-CTCYF,0.0,No
0310-VQXAM,0.2857142857142857,No
9906-NHHVC,0.0,No
4568-KNYWR,0.0,No
2332-TODQS,0.0,No
4915-BFSXL,0.0,No
8735-IJJEG,0.0,No
1663-MHLHE,0.0,No
9489-UTFKA,0.0,No
0512-FLFDW,0.0,No
7465-ZZRVX,0.25,Yes
1371-DWPAZ,0.0,No
3348-CFRNX,1.0,Yes
1171-TYKUR,0.0,No
4779-ZGICK,0.0,No
0621-JFHOL,0.0,No
8779-QRDMV,1.0,No
7078-NVFAM,0.0,No
1960-UOTYM,0.0,No
7077-XJMET,0.0,No
3234-VKACU,0.0,No
2235-DWLJU,0.5,No
4640-UHDOS,0.5,No
8540-ZQGEA,0.0,No
8318-LCNBW,0.0,No
1384-RCUXW,0.3333333333333333,Yes
1422-DGUBX,0.0,No
5353-WILCI,0.0,No
7255-SSFBC,0.0,No
2146-EGVDT,0.0,No
7594-LZNWR,0.0,No
5174-ITUMV,0.0,No
2804-ETQDK,0.0,No
1710-RCXUS,0.0,No
0440-EKDCF,0.0,No
7254-IQWOZ,0.8333333333333334,Yes
1049-FYSYG,0.0,No
0056-EPFBG,0.0,No
8450-JOVAH,1.0,No
6821-BUXUX,1.0,Yes
3594-IVHJZ,0.0,No
6877-TJMBR,1.0,Yes
2192-CKRLV,0.0,No
8378-LKJAF,0.0,No
0274-JKUJR,0.0,No
2150-OEGBV,0.0,No
5960-MVTUK,0.0,No
9578-VRMNM,0.5,No
7601-GNDYK,0.0,No
3689-MOZGR,0.0,No
7011-CVEUC,0.0,No
1212-GLHMD,0.3333333333333333,Yes
4195-SMMNX,0.2727272727272727,No
0019-EFAEP,0.0,No
6641-XRPSU,0.6666666666666666,Yes
7622-NXQZR,0.5,No
9620-QJREV,0.0,No
0430-IHCDJ,0.0,No
0020-INWCK,0.0,No
2108-XWMPY,1.0,No
3078-ZKNTS,0.0,No
0601-WZHJF,0.5,No
2911-UREFD,0.5,No
8875-AKBYH,0.3333333333333333,Yes
5569-OUICF,0.5,No
4847-TAJYI,0.3333333333333333,Yes
8076-FEZKJ,0.0,No
5537-UXXVS,0.0,No
8069-RHUXK,0.0,No
4537-CIBHB,0.0,No
4635-EJYPD,0.0,No
1541-ETJZO,1.0,No
8486-AYEQH,0.6666666666666666,Yes
7596-LDUXP,0.0,No
9146-JRIOX,0.0,No
0322-YINQP,1.0,No
2348-KCJLT,0.0,No
6285-FTQBF,0.0,No
2453-SAFNS,0.0,No
7839-NUIAA,0.0,No
0678-RLHVP,0.0,No
4376-KFVRS,0.0,No
7547-EKNFS,1.0,No
1095-WGNGG,0.0,No
6591-QGOYB,0.0,No
1085-LDWAM,0.0,No
6968-URWQU,0.0,No
4822-YCXMX,1.0,Yes
9365-SRSZE,0.3333333333333333,Yes
5397-NSKQG,0.0,No
8380-MQINP,0.0,No
8670-ERCJH,0.0,No
0836-SEYLU,1.0,No
8364-TRMMK,1.0,No
8148-BPLZQ,0.0,No
5899-OUVKV,0.3333333333333333,Yes
1215-VFYVK,0.0,No
3174-AKMAS,0.0,No
3001-UNBTL,0.5,Yes
1323-OOEPC,1.0,No
2263-SFSQZ,0.0,No
7609-YBPXG,0.0,No
0336-KXKFK,0.0,No
5995-OIGLP,1.0,No
2309-OSFEU,1.0,No
4806-KEXQR,1.0,Yes
6139-ZZRBQ,0.0,No
7026-YMSBE,0.0,No
7176-WRTNX,0.0,No
3315-IKYZQ,0.0,No
5269-NRGDP,0.0,No
6092-QZVPP,0.0,No
5828-AVIPD,1.0,No
7926-IJOOU,0.0,No
3617-XLSGQ,0.0,No
3804-RVTGV,1.0,Yes
0314-TKOSI,0.5,No
6196-HBOBZ,0.0,No
3460-TJBWI,0.0,No
2364-UFROM,0.0,No
5049-MUBWG,0.0,No
4102-OQUPX,0.8,Yes
2474-BRUCM,1.0,Yes
9867-NNXLC,0.14285714285714285,No
1530-ZTDOZ,0.5,No
5956-VKDTT,0.7142857142857143,Yes
7927-AUXBZ,1.0,Yes
5993-JSUWV,0.0,No
3278-FSIXX,0.5,No
1866-NXPSP,0.0,No
6982-SSHFK,0.5,No
7328-ZJAJO,0.0,No
2018-PZKMU,0.0,Yes
6865-JZNKO,0.0,No
9415-TPKRV,0.0,No
8265-HKSOW,0.0,No
7569-NMZYQ,0.0,No
8148-WOCMK,0.0,No
0831-JNISG,0.0,No
0988-JRWWP,0.5,No
9420-LOJKX,1.0,No
0557-ASKVU,0.0,No
2234-EOFPT,0.0,No
0071-NDAFP,0.0,No
1760-CAZHT,0.0,No
5947-SGKCL,0.0,No
1930-BZLHI,0.0,No
2696-NARTR,0.75,Yes
2576-HXMPA,0.0,No
6388-TABGU,0.0,No
0253-ZTEOB,0.0,No
0727-BMPLR,1.0,No
8837-VVWLQ,1.0,Yes
2037-XJFUP,1.0,No
3669-WHAFY,0.0,No
7016-NVRIC,0.0,No
6087-MVHJH,1.0,Yes
1596-BBVTG,1.0,Yes
7817-OMJNA,0.0,No
0587-DMGBH,1.0,No
2001-EWBQU,0.0,No
5095-ETBRJ,0.0,No
1262-OPMFY,0.5,No
5847-MXBEO,0.0,No
7196-LIWRH,0.0,No
5502-RLUYV,0.5,Yes
4299-OPXEJ,0.0,No
4816-LXZYW,0.75,Yes
2853-CWQFQ,0.0,No
3091-FYHKI,1.0,No
3413-BMNZE,0.0,No
8868-GAGIO,0.0,Yes
7311-MQJCH,0.0,No
2607-FBDFF,0.0,No
9667-EQRXU,1.0,No
9894-QMIMJ,0.0,No
3115-CZMZD,0.0,No
2039-JONDJ,0.0,No
4285-GYRQC,1.0,Yes
6572-ADKRS,0.0,No
5917-HBSDW,0.0,No
4919-MOAVT,0.8333333333333334,Yes
3703-TTEPD,0.0,No
2325-WINES,0.0,No
6599-SFQVE,0.3333333333333333,No
5879-SESNB,0.0,Yes
6892-XPFPU,0.5,Yes
6184-DYUOB,0.2857142857142857,No
4159-NAAIX,0.0,No
1469-LBJQJ,0.0,No
0178-CIIKR,0.125,No
9839-ETQOE,0.0,No
4554-YGZIH,0.5,No
5696-JVVQY,0.0,No
9432-VOFYX,0.5,Yes
0233-FTHAV,0.0,No
3301-LSLWQ,0.0,No
1452-VOQCH,0.0,Yes
2259-OUUSZ,0.0,No
6857-TKDJV,0.0,No
8329-IBCTI,0.2857142857142857,No
2197-OMWGI,0.0,No
4537-DKTAL,0.3333333333333333,No
1872-EBWSC,0.0,No
8513-OLYGY,0.0,No
5365-LLFYV,0.3333333333333333,No
2135-RXIHG,1.0,No
6017-PPLPX,1.0,Yes
1792-UXAFY,0.25,Yes
4868-AADLV,0.0,No
4489-SNOJF,1.0,No
2368-GAKKQ,0.0,No
4213-HKBJO,0.0,No
5376-DEQCP,0.5,Yes
0742-NXBGR,0.5,Yes
7971-HLVXI,0.0,No
0684-AOSIH,1.0,Yes
9508-ILZDG,0.0,Yes
0725-CXOTM,0.0,No
9714-EDSUC,0.3333333333333333,Yes
6888-SBYAI,0.0,No
3665-JATSN,0.0,No
1222-LRYKO,0.0,No
5981-ZVXOT,0.0,No
4184-VODJZ,0.0,No
8950-MTZNV,0.25,No
8041-TMEID,0.0,No
6537-QLGEX,0.0,No
1986-PHGZF,0.0,No
9365-CSLBQ,0.0,No
8631-WUXGY,0.5,Yes
3429-IFLEM,0.0,No
8066-POXGX,0.6666666666666666,No
3884-UEBXB,0.0,No
0282-NVSJS,0.0,No
5485-ITNPC,0.0,No
1116-DXXDF,0.0,No
0732-OCQOC,0.0,No
3450-WXOAT,0.0,No
6467-CHFZW,1.0,Yes
6133-OZILE,0.0,No
8739-QOTTN,0.2727272727272727,No
5630-IXDXV,0.3333333333333333,No
0793-TWELN,0.0,Yes
5419-JPRRN,1.0,Yes
0297-RBCSG,0.0,No
5996-NRVXR,0.0,No
6680-WKXRZ,1.0,Yes
3865-ZYKAD,0.0,No
7153-OANIO,1.0,Yes
9786-IJYDL,0.0,No
5201-CBWYG,0.0,No
4123-FCVCB,0.0,No
3239-TPHPZ,0.0,No
4797-MIWUM,0.0,No
3038-PQIUY,0.0,No
1985-MBRYP,0.0,No
6152-ONASV,0.0,No
7980-MHFLQ,0.0,No
7318-EIVKO,0.0,No
3580-REOAC,1.0,No
9298-WGMRW,0.0,No
5119-KEPFY,0.0,No
4957-TIALW,0.0,No
5394-MEITZ,0.0,No
7398-SKNQZ,0.3333333333333333,Yes
3018-TFTSU,1.0,No
4735-BJKOU,0.0,No
6288-CHQJB,0.0,No
5018-LXQQG,0.0,No
4526-ZJJTM,0.0,No
1965-AKTSX,0.5,Yes
4616-EWBNJ,0.0,No
6689-VRRTK,0.0,No
2024-BASKD,0.5,Yes
7278-CKDNC,0.0,Yes
6950-TWMYB,0.0,No
0235-KGSLC,1.0,No
5396-IZEPB,0.0,No
5173-WXOQV,0.0,No
8058-INTPH,1.0,Yes
5651-CRHKQ,0.0,No
5928-QLDHB,0.5,Yes
5442-UTCVD,1.0,Yes
6519-ZHPXP,0.0,No
2251-PYLPB,0.0,No
3177-LASXD,1.0,Yes
6688-UZPWD,1.0,Yes
1818-ESQMW,0.4,Yes
5456-ITGIC,0.0,No
0872-JCPIB,0.0,No
2609-IAICY,1.0,Yes
0137-OCGAB,0.5,Yes
7531-GQHME,0.14285714285714285,No
9087-EYCPR,0.0,No
0549-CYCQN,0.0,No
0122-OAHPZ,0.75,Yes
6377-KSLXC,0.125,No
8853-TZDGH,0.0,No
4992-LTJNE,0.0,No
6203-HBZPA,0.0,No
5837-LXSDN,0.0,No
5261-QSHQM,1.0,Yes
5228-EXCET,1.0,Yes
9518-IMLHK,0.0,No
8091-TTVAX,0.0,No
2223-KAGMX,0.3333333333333333,No
7673-LPRNY,0.0,No
9139-TWBAS,0.0,No
3724-BSCVH,0.0,No
0458-HEUZG,0.0,No
7266-GSSJX,0.0,No
3170-NMYVV,0.0,No
6625-FLENO,0.0,No
8189-XRIKE,0.0,Yes
0707-HOVVN,0.0,No
8947-YRTDV,0.5,No
3585-ISXZP,0.5,No
6778-JFCMK,0.0,No
8473-VUVJN,1.0,Yes
2485-ITVKB,0.6666666666666666,No
1025-FALIX,0.0,No
4955-VCWBI,0.0,No
6408-WHTEF,0.0,No
2027-WKXMW,0.0,No
7206-PQBBZ,0.0,Yes
5090-EMGTC,0.0,No
4598-XLKNJ,1.0,Yes
5201-USSQZ,0.5,No
6475-VHUIZ,0.0,No
5482-PLVPE,1.0,Yes
5656-MJEFC,0.0,No
7799-DSEWS,0.0,No
7872-RDDLZ,0.0,No
9968-FFVVH,0.0,No
6319-IEJWJ,1.0,Yes
4468-YDOVK,0.0,No
8707-RMEZH,0.0,No
1450-GALXR,1.0,Yes
0947-MUGVO,1.0,Yes
3167-SNQPL,0.5,Yes
2933-XEUJM,0.0,No
5366-IJEQJ,1.0,Yes
0529-ONKER,0.3333333333333333,Yes
1304-SEGFY,0.0,No
2019-HDCZY,0.0,No
0746-JTRFU,0.6666666666666666,Yes
7233-DRTRF,0.0,Yes
1452-XRSJV,0.0,No
9103-CXVOK,0.3333333333333333,No
2229-DPMBI,0.0,No
4203-QGNZA,0.1,No
6789-HJBWG,0.25,No
1707-HABPF,0.0,No
5378-IKEEG,0.3333333333333333,No
5614-DNZCE,0.0,No
4431-EDMIQ,0.0,No
6522-YRBXD,0.25,Yes
9019-QVLZD,1.0,Yes
2569-WGERO,0.0,No
5789-LDFXO,0.0,No
7853-WNZSY,0.3333333333333333,No
6402-SSEJG,0.0,No
4312-GVYNH,0.0,No
5018-GWURO,0.0,No
0256-LTHVJ,0.5,Yes
3855-ONCAR,0.3333333333333333,Yes
6204-IEUXJ,1.0,Yes
5939-XAIXZ,0.0,No
0825-CPPQH,0.0,No
5439-WIKXB,0.25,Yes
5788-YPOEG,0.0,No
1208-NBVFH,0.5,No
2346-CZYIL,0.0,No
3916-NRPAP,0.0,No
6979-ZNSFF,1.0,Yes
4785-NKHCX,0.14285714285714285,No
3329-WDIOK,0.75,No
4145-UQXUQ,1.0,Yes
5743-KHMNA,0.0,No
3590-TCXTB,0.2727272727272727,No
0238-WHBIQ,0.0,No
9776-OJUZI,0.0,No
4737-HOBAX,0.0,No
2122-YWVYA,0.0,Yes
6469-QJKZW,0.14285714285714285,No
6194-HBGQN,0.0,No
0625-AFOHS,0.0,No
9470-RTWDV,0.0,No
3295-YVUSR,0.0,Yes
3557-HTYWR,0.0,No
4559-UWIHT,0.0,Yes
1661-CZBAU,0.0,No
5862-BRIXZ,0.0,No
5197-PYEPU,0.0,No
2144-BFDSO,0.0,No
9978-HYCIN,0.0,No
3489-HHPFY,0.2,Yes
8111-RKSPX,1.0,Yes
7881-EVUAD,1.0,No
5027-QPKTE,0.75,Yes
4248-HCETZ,1.0,Yes
4791-QRGMF,0.5,No
1293-BSEUN,0.0,No
0203-HHYIJ,1.0,No
1574-DYCWE,0.0,No
9565-FLVCG,0.0,No
5747-PMBSQ,1.0,Yes
6161-UUUTA,1.0,Yes
2933-FILNV,0.3333333333333333,Yes
0484-FFVBJ,0.0,No
3744-ZBHON,0.2857142857142857,No
7893-IXHRQ,0.3333333333333333,No
5144-TVGLP,0.4,Yes
0404-SWRVG,0.8,Yes
0042-RLHYP,0.0,No
2988-PLAHS,0.0,No
9300-RENDD,0.5,Yes
5285-MVEHD,0.0,No
3955-JBZZM,0.0,Yes
2955-PSXOE,0.5,No
5307-UVGNB,0.0,No
6891-JPYFF,0.0,No
8591-NXRCV,0.0,No
3387-PLKUI,0.0,No
0479-HMSWA,0.0,No
0516-UXRMT,0.0,No
0970-QXPXW,0.2857142857142857,No
0916-QOFDP,0.0,Yes
4822-LPTYJ,0.0,No
4881-JVQOD,0.0,No
3325-FUYCG,1.0,Yes
7314-OXENN,1.0,Yes
3605-JISKB,0.0,No
2333-KWEWW,0.0,No
2725-IWWBA,0.0,No
5760-FXFVO,0.5,Yes
1658-TJVOA,0.0,Yes
8597-CTXVJ,0.0,No
9122-UMROB,0.0,No
0484-JPBRU,0.0,No
0928-XUTSN,0.0,Yes
5196-SGOAK,1.0,Yes
3088-FVYWK,0.0,No
6439-PKTRR,0.0,No
2351-RRBUE,0.0,No
5293-WXJAK,1.0,Yes
9435-JMLSX,0.0,No
6598-KELSS,0.0,No
3255-GRXMG,0.0,No
6351-SCJKT,0.0,No
4433-JCGCG,1.0,Yes
5465-BUBFA,0.0,No
0842-IWYCP,0.0,No
2828-SLQPF,0.0,No
7854-EKTJL,0.2857142857142857,No
0141-YEAYS,0.0,No
4086-YQSNZ,1.0,Yes
4500-HKANN,0.0,No
9560-BBZXK,0.0,No
6295-OSINB,0.5,No
8434-VGEQQ,0.0,No
8182-PNAGI,1.0,No
9933-QRGTX,0.0,No
7235-NXZCP,0.5,Yes
0902-XKXPN,0.0,No
2665-NPTGL,0.0,No
4298-OYIFC,0.5,Yes
2604-XVDAM,0.0,No
9544-PYPSJ,0.0,No
0691-NIKRI,0.5,No
1122-YJBCS,0.5,No
1926-QUZNN,0.0,No
6586-PSJOX,0.0,No
6292-TOSSS,0.0,No
7449-HVPIV,0.0,No
4803-AXVYP,1.0,Yes
1699-HPSBG,1.0,No
8395-ETZKQ,0.0,No
5067-XJQFU,0.5,No
1240-KNSEZ,1.0,No
8904-OPDCK,0.0,No
9359-UGBTK,0.0,No
7740-BTPUX,0.0,No
3339-EAQNV,0.0,No
4849-PYRLQ,0.0,No
8745-PVESG,0.0,No
8204-YJCLA,0.0,No
3935-TBRZZ,0.0,No
6234-RAAPL,0.0,No
1043-YCUTE,0.3333333333333333,No
9993-LHIEB,0.0,No
7868-TMWMZ,0.5,No
3808-HFKDE,0.5,No
0564-MUUQK,0.0,No
5649-VUKMC,1.0,No
3707-GNWHM,1.0,Yes
6319-QSUSR,0.0,No
5766-FTRTS,0.0,No
8565-HBFNN,0.0,No
5605-XNWEN,0.0,No
3990-QYKBE,1.0,Yes
7966-YOTQW,0.0,No
2868-LLSKM,0.0,No
5232-NXPAY,0.0,No
5074-FBGHB,0.0,No
6890-PFRQX,0.0,No
5168-MQQCA,0.0,No
5998-DZLYR,0.0,No
1397-XKKWR,0.0,No
0463-TXOAK,0.0,No
4648-YPBTM,0.0,No
8241-JUIQO,0.0,No
9572-WUKSB,0.0,No
0811-GSDTP,0.0,No
8000-REIQB,1.0,Yes
5701-GUXDC,0.0,No
0869-PAPRP,0.0,No
5480-XTFFL,0.0,No
4501-UYKBC,0.0,No
7176-WIONM,0.0,No
7206-GZCDC,1.0,Yes
9912-GVSEQ,1.0,Yes
1636-NTNCO,0.0,No
7794-JASDG,0.0,No
3969-JQABI,0.5,No
0014-BMAQU,0.0,No
4945-RVMTE,0.0,No
0667-NSRGI,0.0,No
9286-DOJGF,1.0,Yes
7945-PRBVF,0.0,No
4510-HIMLV,0.5,Yes
3522-CDKHF,0.0,No
8945-MUQUF,0.5,No
9574-RKJIF,0.6666666666666666,Yes
9512-PHSMG,0.3333333333333333,No
0927-LCSMG,0.6666666666666666,Yes
6088-BXMRG,0.0,Yes
2114-MGINA,0.6666666666666666,Yes
5093-FEGLU,0.0,No
8050-DVOJX,0.0,No
0864-FVJNJ,0.0,No
7663-ZTEGJ,0.0,No
9871-ELEYA,0.0,No
6579-JPICP,0.16666666666666666,No
3926-YZVVX,0.0,No
3537-RYBHH,0.0,No
0784-GTUUK,0.0,No
2150-WLKUW,0.0,No
1862-QRWPE,0.0,No
7094-MSZAO,0.14285714285714285,No
5474-LAMUQ,0.0,No
7677-SJJJK,0.0,No
0258-NOKBL,0.0,Yes
0311-UNPFF,1.0,No
3587-PMCOY,0.0,No
5188-HGMLP,0.0,Yes
1769-GRUIK,0.5,Yes
6032-KRXXO,0.5,Yes
9730-DRTMJ,0.0,No
8404-VLQFB,0.0,No
7860-KSUGX,0.0,No
4770-QAZXN,0.0,No
0447-RXSGD,0.0,No
4430-YHXGG,0.0,No
2984-TBYKU,0.0,No
8645-KOMJQ,0.0,No
6723-WSNTY,0.0,No
8063-RJYNF,0.8,Yes
6313-GIDIT,1.0,No
7488-MXJIV,1.0,Yes
9518-XXBXE,0.6,Yes
6119-SPUDB,0.0,No
3807-BPOMJ,0.0,No
2240-HSJQD,0.0,Yes
1492-KGETH,0.0,No
5855-EIBDE,0.0,No
6266-QHOJZ,0.0,No
3780-YVMFA,0.0,No
0971-QIFJK,0.0,No
5294-DMSFH,0.0,No
9274-CNFMO,0.6666666666666666,Yes
3756-VNWDH,0.0,No
0187-WZNAB,0.8,Yes
5522-JBWMO,0.0,No
3190-ITQXP,0.0,No
0613-WUXUM,0.0,No
8203-XJZRC,0.1,No
3217-FZDMN,0.5,No
7929-DMBCV,0.75,Yes
7603-USHJS,1.0,Yes
4797-AXPXK,0.3333333333333333,No
0320-DWVTU,0.0,No
5356-CSVSQ,0.0,No
0459-SPZHJ,0.0,No
3967-KXAPS,0.0,No
8680-CGLTP,0.0,No
3677-IYRBF,0.5,No
2959-EEXWB,0.0,No
2272-QAGFO,0.25,Yes
6857-VWJDT,1.0,Yes
2860-RANUS,1.0,No
2773-OVBPK,0.0,No
7137-RYLPP,1.0,Yes
2957-JIRMN,0.0,No
5968-XQIVE,0.0,No
1918-ZBFQJ,1.0,Yes
7758-UJWYS,0.0,No
1371-WEPDS,0.0,No
8944-AILEF,0.0,No
1447-PJGGA,1.0,No
9441-QHEVC,0.0,No
5172-MIGPM,0.0,No
6516-NKQBO,0.0,No
0336-PIKEI,0.0,No
8060-HIWJJ,0.0,No
4323-OHFOW,0.0,No
0674-EYYZV,0.0,No
3761-FLYZI,0.0,No
7013-PSXHK,0.0,No
3113-IWHLC,0.5,No
3538-WZPHD,0.5,No
6719-FGEDO,0.0,No
3585-YNADK,0.0,No
1271-UODNO,0.0,No
2101-RANCD,0.0,Yes
0018-NYROU,0.5,Yes
9513-DXHDA,0.0,No
8144-DGHXP,0.0,No
9975-SKRNR,0.0,No
1970-KKFWL,0.0,No
0412-UCCNP,0.0,No
2761-XECQW,0.0,No
1544-JJMYL,0.0,No
3079-BCHLN,0.0,No
2868-SNELZ,0.3333333333333333,Yes
6923-EFPNL,1.0,No
6702-OHFWR,1.0,No
3566-HJGPK,0.3333333333333333,No
0036-IHMOT,0.0,No
2153-MREFK,1.0,No
5067-DGXLL,0.1,No
4587-VVTOX,0.6666666666666666,No
0397-ZXWQF,0.0,No
4291-SHSBH,0.6,Yes
3853-LYGAM,0.5,No
3030-YZADT,0.25,No
3530-VWVGU,0.4,No
5734-EJKXG,0.0,No
6261-RCVNS,1.0,No
3754-DXMRT,1.0,No
3274-NSDWE,0.0,No
6437-UKHMV,0.6666666666666666,Yes
4720-VSTSI,0.5,No
1032-MAELW,0.0,No
3161-GETRM,0.5,No
3642-BYHDO,0.0,No
7137-NAXML,0.0,No
0195-IESCP,1.0,Yes
2869-ADAWR,1.0,No
1897-RCFUM,0.0,No
7064-FRRSW,0.0,No
5930-GBIWP,0.0,No
3763-GCZHZ,1.0,No
8883-GRDWQ,0.0,No
7269-JISCY,0.0,No
1302-TPUBN,0.0,No
7107-UBYKY,0.0,No
7351-KYHQH,0.0,No
2105-PHWON,0.0,No
3956-MGXOG,0.3333333333333333,Yes
5542-TBBWB,0.5,Yes
8746-BFOAJ,0.0,No
7743-EXURX,1.0,No
1399-OUPJN,0.0,No
5668-MEISB,0.0,No
5574-NXZIU,0.0,No
6834-NXDCA,1.0,Yes
4713-ZBURT,0.0,No
2013-SGDXK,0.6666666666666666,Yes
7044-YAACC,0.0,Yes
9209-NWPGU,0.5,No
3638-WEABW,0.0,No
0407-BDJKB,1.0,Yes
3349-ANQNH,0.0,No
1092-GANHU,1.0,Yes
4672-FOTSD,0.0,No
2796-NNUFI,0.0,No
6848-HJTXY,0.0,No
5985-TBABQ,0.0,No
4893-GYUJU,0.0,No
6339-RZCBJ,0.0,No
3496-LFSZU,0.5,Yes
5687-DKDTV,0.2727272727272727,No
8058-DMYRU,0.5,Yes
4910-AQFFX,1.0,No
8999-YPYBV,0.0,No
0967-BMLBD,0.0,No
4023-RTIQM,0.0,No
8184-WMOFI,0.0,No
5202-IVJNU,0.5,No
1170-SASML,0.5,No
7317-GGVPB,1.0,No
3999-WRNGR,0.0,No
3995-WFCSM,0.0,No
5054-IEXZT,0.5,Yes
5357-TZHPP,1.0,No
3174-RKMOW,0.0,No
8905-IAZPF,0.0,No
6692-UDPJC,1.0,Yes
7979-CORPM,1.0,No
6212-ATMLK,0.3333333333333333,Yes
0876-WDUUZ,0.5,No
6242-SGYTS,0.0,No
7839-QRKXN,0.2857142857142857,No
5302-BDJNT,0.0,Yes
5013-SBUIH,0.5,No
6743-HHQPF,0.3333333333333333,No
2023-VQFDL,0.25,No
1120-BMWUB,1.0,No
9048-JVYVF,1.0,No
0487-RPVUM,0.0,No
5047-LHVLY,0.25,No
8443-ZRDBZ,0.6666666666666666,Yes
9154-QDGTH,0.0,No
4918-FYJNT,0.5,Yes
0827-ITJPH,0.0,No
5014-WUQMG,0.0,No
1862-SKORY,1.0,No
1891-FZYSA,0.6666666666666666,Yes
6567-HOOPW,1.0,Yes
7250-EQKIY,0.75,No
5002-GCQFH,0.0,No
6559-ILWKJ,1.0,No
6340-DACFT,0.0,No
6999-CHVCF,0.0,No
3211-ILJTT,0.3333333333333333,Yes
9081-WWXKP,0.0,No
8387-UGUSU,0.14285714285714285,No
8659-IOOPU,0.0,No
8777-MBMTS,0.0,No
8285-ABVLB,0.0,No
0623-EJQEG,0.0,No
6705-LNMDD,0.0,No
2480-SQIOB,0.0,No
7568-PODML,0.6666666666666666,No
3253-HKOKL,0.0,No
2143-LJULT,0.0,No
1135-HIORI,0.0,No
9715-SBVSU,0.0,No
5248-RPYWW,0.0,No
4821-SJHJV,0.5,Yes
2654-VBVPB,0.0,No
2800-VEQXM,0.0,Yes
3594-KADLU,0.6666666666666666,No
4389-UEFCZ,0.0,No
0739-UUAJR,0.0,No
4774-HHGGS,0.0,No
1635-NZATJ,0.0,No
5304-EFJLP,0.0,No
4486-EFAEB,0.16666666666666666,No
6483-OATDN,0.0,No
2560-QTSBS,0.0,No
9950-MTGYX,0.0,No
5996-EBTKM,0.0,No
0895-LMRSF,0.0,No
1905-OEILC,0.5,No
9350-VLHMB,0.0,No
7503-QQRVF,0.6666666666666666,Yes
9821-POOTN,1.0,Yes
5524-KHNJP,0.0,No
4277-BWBML,0.0,No
7079-QRCBC,1.0,Yes
2592-HODOV,0.3333333333333333,No
3866-MDTUB,1.0,No
9053-JZFKV,1.0,No
9801-NOSHQ,0.0,No
2235-EZAIK,0.0,No
9430-FRQOC,0.5,Yes
5934-TSSAU,0.6666666666666666,Yes
2126-GSEGL,0.0,No
6101-IMRMM,0.3333333333333333,Yes
6532-YLWSI,0.5,No
2717-HVIZY,0.14285714285714285,No
9039-ZVJDC,0.0,No
2874-YXVVA,0.0,No
0750-EKNGL,0.0,No
0508-SQWPL,0.0,No
5671-RQRLP,0.0,No
3841-NFECX,0.0,No
6286-ZHAOK,0.0,No
5598-IKHQQ,0.0,No
6551-VLJMV,0.0,No
6728-VOIFY,0.0,No
6265-FRMTQ,0.0,No
2433-KMEAS,1.0,No
7363-QTBIW,0.5,Yes
4295-YURET,0.0,No
7055-VKGDA,1.0,No
6016-LVTJQ,0.25,No
4906-ZHGPK,0.0,No
1069-QJOEE,0.0,No
2972-YDYUW,0.0,No
7426-GSWPO,0.0,No
7649-SIJJF,0.0,No
9626-VFRGG,0.0,No
6034-ZRYCV,1.0,No
2794-XIMMO,1.0,No
7932-WPTDS,1.0,Yes
2040-LDIWQ,0.0,No
8481-YYXWG,0.3333333333333333,Yes
2408-WITXK,0.6666666666666666,No
6745-JEFZB,0.5,No
2845-HSJCY,1.0,Yes
8999-BOHSE,1.0,No
5848-FHRFC,0.0,No
9995-HOTOH,0.0,No
8582-KRHPJ,0.0,No
2266-SJNAT,0.0,No
2386-OWURY,0.0,Yes
8690-UPCZI,0.0,No
1614-JBEBI,0.0,No
8610-WFCJF,1.0,Yes
0749-IRGQE,0.6666666666666666,No
8201-AAXCB,0.0,No
2190-BCXEC,0.0,No
6559-RAKOZ,0.0,No
5446-DKWYW,0.0,No
9107-UKCKY,0.0,No
6497-TILVL,0.0,No
8981-FJGLA,0.0,Yes
8543-MSDMF,0.0,No
2848-YXSMW,0.0,No
0106-GHRQR,0.0,No
6996-KNSML,0.6666666666666666,Yes
0422-UXFAP,0.0,No
1816-FLZDK,0.0,No
7693-QPEFS,0.0,No
5222-IMUKT,0.5,Yes
7956-XQWGU,0.3333333333333333,No
2476-YGEFM,0.0,No
5949-EBSQK,1.0,No
4695-VADHF,1.0,No
6651-RLGGM,0.0,No
9921-QFQUL,0.0,Yes
8232-UTFOZ,0.0,No
1035-IPQPU,0.0,Yes
7694-VLBWQ,1.0,No
2626-VEEWG,0.0,No
1320-GVNHT,0.0,No
1448-PWKYE,1.0,Yes
9000-PLFUZ,0.0,No
0115-TFERT,1.0,No
1937-OTUKY,0.0,No
5939-SXWHM,0.0,No
6663-JOCQO,0.0,No
6166-ILMNY,1.0,Yes
7435-ZNUYY,0.0,No
7872-BAAZR,0.0,No
9244-ZVAPM,0.5,No
1597-LHYNC,1.0,Yes
9079-YEXQJ,1.0,No
1153-GNOLC,0.0,No
2212-LYASK,0.0,No
0913-XWSCN,0.0,No
5895-QSXOD,0.0,Yes
2656-TABEH,0.6666666666666666,Yes
8514-VZHEB,0.0,No
0188-GWFLE,0.14285714285714285,No
9445-SZLCH,1.0,No
7998-WNZEM,0.0,No
4393-GEADV,0.0,No
0137-UDEUO,0.2857142857142857,No
0923-PNFUB,1.0,Yes
6741-QRLUP,0.0,No
7776-QWNFX,1.0,No
7541-YLXCL,0.5,No
4573-JKNAE,0.0,No
2360-RDGRO,0.5,Yes
0928-JMXNP,0.0,No
3873-WOSBC,0.0,No
9261-WDCAF,0.0,No
3316-UWXUY,0.0,No
1442-BQPVU,0.0,No
9079-LWTFD,0.5,Yes
2669-OIDSD,0.0,No
1389-CXMLU,0.5,Yes
7508-KBIMB,0.0,No
9242-TKFSV,0.0,No
7641-EUYET,1.0,Yes
7550-WIQVA,0.0,No
9133-AYJZG,0.0,No
2344-JMOGN,0.6666666666666666,Yes
1767-CJKBA,0.0,No
1932-UEDCX,0.0,No
7560-QJAVJ,0.0,No
1043-UXOVO,0.0,No
1036-GUDCL,0.0,No
9777-IQHWP,0.0,No
9139-WQQDY,1.0,No
3948-KXDUF,0.0,No
8915-NNTRC,0.0,No
7993-NQLJE,0.0,Yes
6618-RYATB,1.0,Yes
1845-ZLLIG,0.25,No
1159-WFSGR,0.16666666666666666,No
8865-TNMNX,0.0,No
3604-WLABM,0.0,No
5006-MXVRN,0.0,No
4830-FAXFM,0.0,No
4311-QTTAI,0.0,No
0471-LVHGK,0.5,No
1627-AFWVJ,0.0,No
6416-YJTTB,0.5,No
8059-UDZFY,0.0,No
9565-DJPIB,0.5,Yes
2832-SCUCO,0.4,No
7892-POOKP,1.0,Yes
9571-EDEBV,0.0,No
0771-CHWSK,0.0,No
3451-VAWLI,0.0,No
1134-YWTYF,0.0,No
7100-FQPRV,0.0,No
9184-GALIL,0.0,No
1821-BUCWY,0.0,No
1353-GHZOS,0.0,No
4199-QHJNM,0.0,No
1173-NOEYG,0.0,No
8022-BECSI,0.0,No
8958-JPTRR,0.0,No
5684-FJVYR,0.0,No
6859-QNXIQ,0.0,No
1555-DJEQW,1.0,No
7349-ALMUX,0.0,No
7120-RFMVS,0.8,Yes
7379-FNIUJ,0.6666666666666666,Yes
3766-EJLFL,0.0,No
0142-GVYSN,0.0,No
1162-ECVII,0.25,No
5275-SQEIZ,1.0,Yes
2041-JIJCI,0.0,No
1452-KIOVK,0.0,No
6869-FGJJC,0.0,No
9167-APMXZ,0.5,No
9885-CSMWE,1.0,Yes
8818-XYFCQ,1.0,No
4504-YOULA,0.0,No
9812-GHVRI,0.0,No
9766-HGEDE,0.0,No
8388-DMKAE,0.0,No
4289-DTDKW,1.0,Yes
9837-FWLCH,0.0,No
5233-AOZUF,0.6666666666666666,Yes
3570-YUEKJ,0.5,No
6637-KYRCV,0.0,No
1269-FOYWN,0.0,No
6332-FBZRI,0.0,No
5708-EVONK,0.3333333333333333,No
3376-BMGFE,1.0,Yes
3199-XGZCY,0.0,Yes
2171-UDMFD,0.0,No
7379-POKDZ,0.75,Yes
8869-TORSS,1.0,No
4674-HGNUA,0.0,No
3506-LCJDC,0.5,No
7036-TYDEC,0.0,No
2662-NNTDK,0.0,No
1963-VAUKV,0.16666666666666666,No
2323-ARSVR,0.0,No
2521-NPUZR,0.0,No
1472-TNCWL,0.6666666666666666,Yes
7785-RDVIG,0.4,No
1658-BYGOY,1.0,Yes
7861-UVUFT,0.6666666666666666,Yes
0572-ZJKLT,0.0,No
0795-XCCTE,0.0,No
9050-QLROH,0.5,No
3086-RUCRN,0.0,No
4462-CYWMH,0.0,No
7247-XOZPB,0.0,No
2978-XXSOG,0.0,No
6629-CZTTH,0.5,No
3525-DVKFN,0.0,No
0897-FEGMU,1.0,Yes
3082-WQRVY,0.0,No
0082-OQIQY,0.75,Yes
4226-KKDON,0.0,No
8399-YNDCH,1.0,No
9940-RHLFB,0.6,Yes
0420-HLGXF,0.5,Yes
1980-KXVPM,1.0,Yes
1679-JRFBR,0.0,No
9944-AEXBM,0.0,No
8606-CIQUL,0.0,No
0932-YIXYU,0.0,No
5214-CHIWJ,0.0,No
2606-RMDHZ,1.0,No
0015-UOCOJ,0.0,No
9907-SWKKF,0.6666666666666666,Yes
9640-ZSLDC,0.0,No
7921-LMDFQ,0.0,No
1024-KPRBB,0.0,No
7538-GWHML,0.8333333333333334,Yes
5075-JSDKI,0.0,No
1784-EZDKJ,0.0,No
7727-SHVZV,0.25,No
4343-EJVQB,0.7142857142857143,Yes
3097-IDVPU,0.0,No
7673-BQGKU,0.0,No
0129-QMPDR,0.0,No
5569-IDSEY,0.0,No
0197-PNKNK,0.0,No
1095-JUDTC,1.0,Yes
3583-EKAPL,0.3333333333333333,No
8644-XLFBW,1.0,Yes
3244-DCJWY,0.5,Yes
1254-IZEYF,1.0,Yes
7821-DPRQE,0.0,No
8155-IBNHG,1.0,Yes
6620-HVDUJ,0.0,No
3865-QBWSJ,0.25,Yes
5071-FBJFS,0.0,No
2320-YKQBO,0.4,No
4670-TABXH,0.25,No
6217-TOWGS,0.0,No
5527-ACHSO,0.0,No
6408-OTUBZ,0.0,No
8182-BJDSI,0.6666666666666666,Yes
7163-OCEQI,0.0,No
4079-VTGLK,0.0,No
2770-NSVDG,0.0,No
4957-SREEC,0.0,No
0402-CQAJN,1.0,No
8840-DQLGN,0.5,No
8878-RYUKI,0.3333333333333333,No
5297-MDOIR,0.0,No
1345-ZUKID,0.0,No
6923-AQONU,0.0,No
4075-WKNIU,0.0,No
8443-WVPSS,1.0,Yes
9840-EFJQB,0.7142857142857143,Yes
1355-KUSBG,0.0,No
1301-LOPVR,0.0,No
4815-TUMEQ,0.0,No
3097-FQTVJ,0.0,No
8328-SKJNO,0.0,No
3793-MMFUH,1.0,Yes
7145-FEJWU,0.6666666666666666,No
0310-SUCIN,0.0,No
0156-FVPTA,0.5,No
9846-GKXAS,0.5,No
6260-XLACS,0.0,No
3194-ORPIK,1.0,No
5961-VUSRV,0.0,No
7537-CBQUZ,0.0,No
2040-VZIKE,0.5,Yes
5299-RULOA,1.0,Yes
3393-FMZPV,1.0,Yes
7480-QNVZJ,0.3333333333333333,Yes
3571-RFHAR,1.0,No
6265-SXWBU,0.0,No
9959-WOFKT,0.0,No
4719-UMSIY,0.2857142857142857,No
2320-JRSDE,0.4,No
6583-KQJLK,0.3333333333333333,Yes
7629-WFGLW,0.0,No
6784-XYJAE,0.0,No
6583-SZVGP,0.0,No
3963-RYFNS,0.0,No
8189-HBVRW,0.6666666666666666,Yes
7615-ESMYF,0.3333333333333333,No
9798-DRYDS,0.0,No
1832-PEUTS,0.0,No
6082-OQFBA,0.0,No
6691-CCIHA,0.0,No
0727-IWKVK,1.0,Yes
7663-YJHSN,0.0,No
7279-BUYWN,1.0,No
5898-IGSLP,0.5,Yes
0621-TWIEM,0.3333333333333333,No
6035-RIIOM,0.0,No
7392-YYPYJ,0.0,Yes
7967-HYCDE,0.0,Yes
0362-ZBZWJ,1.0,Yes
9137-NOQKA,0.0,No
8749-CLJXC,0.14285714285714285,No
0357-NVCRI,0.14285714285714285,No
2788-CJQAQ,0.0,No
7868-BGSZA,0.0,No
1867-BDVFH,0.7142857142857143,Yes
4690-PKDQG,0.5,Yes
2155-AMQRX,0.0,No
7130-VTEWQ,0.5,Yes
0871-URUWO,1.0,No
9473-CBZOP,0.0,No
0487-CRLZF,0.0,No
1543-LLLFT,0.0,No
8374-XGEJJ,1.0,Yes
2916-BQZLN,0.5,Yes
4361-BKAXE,1.0,No
6919-ELBGL,0.0,No
2157-MXBJS,1.0,No
6621-NRZAK,0.0,No
2302-ANTDP,1.0,No
6736-DHUQI,0.0,No
7670-ZBPOQ,0.0,No
7129-CAKJW,0.0,No
1732-VHUBQ,1.0,Yes
0883-EIBTI,0.5,No
3190-XFANI,1.0,No
2640-PMGFL,0.5,Yes
0103-CSITQ,0.0,No
5857-TYBCJ,0.4,Yes
1306-RPWXZ,0.0,No
2382-BCKQJ,0.5,No
8976-OQHGT,1.0,No
5804-JMYIO,0.0,No
7622-FWGEW,0.0,No
0023-XUOPT,1.0,Yes
0641-EVBOJ,0.5,Yes
5274-XHAKY,0.0,No
2621-UDNLU,0.25,No
2061-VVFST,0.25,No
6733-LRIZX,0.0,No
1956-YIFGE,0.0,No
0506-LVNGN,1.0,No
6711-VTNRE,1.0,Yes
0576-WNXXC,0.5,Yes
2790-XUYMV,0.0,No
7994-UYIVZ,0.0,No
4335-BSMJS,0.0,No
0956-SYCWG,0.0,No
0114-RSRRW,0.5,No
0089-IIQKO,0.0,No
0702-PGIBZ,1.0,Yes
0230-WEQUW,0.0,No
8107-KNCIM,0.0,Yes
3668-QPYBK,1.0,No
6549-BTYPG,0.0,No
7105-BENQF,0.0,No
5366-OBVMR,0.0,No
7730-CLDSV,0.0,No
6330-JKLPC,1.0,Yes
6374-NTQLP,0.0,No
9643-YBLUR,0.0,No
4455-BFSPD,0.0,No
3658-QQJYD,0.0,No
6250-CGGUN,0.0,No
8709-KRDVL,0.5,Yes
0133-BMFZO,1.0,Yes
5510-BOIUJ,0.42857142857142855,No
5173-ZXXXL,0.0,No
6849-WLEYG,0.3333333333333333,No
9355-NPPFS,0.0,Yes
5712-PTIWW,0.25,Yes
4418-LZMSV,0.0,No
2135-DQWAQ,0.5,Yes
8129-GMVGI,0.0,No
2931-XIQBR,0.0,No
0058-EVZWM,0.0,No
1282-IHQAC,0.0,No
8375-KVTHK,0.0,No
5171-EPLKN,0.0,No
0917-EZOLA,1.0,No
0230-UBYPQ,0.0,No
8332-OSJDW,0.0,No
8384-FZBJK,0.5,Yes
7691-KGKGP,0.0,No
4013-TLDHQ,1.0,Yes
7343-EOBEU,0.0,No
4567-AKPIA,0.0,No
5850-BDWCY,0.2857142857142857,No
3006-XIMLN,1.0,No
7083-YNSKY,1.0,No
1140-UKVZG,0.0,No
7452-FOLON,0.0,No
5762-TJXGK,0.0,No
6326-MTTXK,0.5,Yes
6810-VCAEX,0.0,No
0708-SJDIS,0.0,No
1618-CFHME,0.6666666666666666,Yes
0365-TRTPY,0.0,No
1702-CCFNJ,0.0,No
8562-GHPPI,0.0,No
6635-MYYYZ,1.0,No
4501-VCPFK,0.3333333333333333,No
2379-GYFLQ,0.0,No
6772-WFQRD,0.0,No
3891-PUQOD,1.0,No
2632-IVXVF,0.0,No
5110-CHOPY,0.0,No
8623-ULFNQ,0.0,No
2919-HBCJO,1.0,No
3694-GLTJM,0.25,No
9763-PDTKK,1.0,No
2215-ZAFGX,0.0,Yes
6770-UAYGJ,0.0,No
9880-TDQAC,0.0,No
2712-SYWAY,0.0,No
1166-PQLGG,0.0,No
4749-VFKVB,0.3333333333333333,No
3633-CDBUW,0.0,No
1779-PWPMG,0.0,No
4817-KEQSP,0.0,No
3396-DKDEL,0.0,No
8082-GHXOP,0.0,No
2801-NISEI,0.0,No
1062-LHZOD,0.5,Yes
9793-WECQC,0.0,Yes
7173-TETGO,0.0,No
3703-VAVCL,1.0,No
4547-LYTDD,1.0,Yes
3723-BFBGR,0.0,No
2065-MMKGR,0.0,No
5567-GZKQY,0.0,No
9283-LZQOH,1.0,Yes
0093-EXYQL,0.0,Yes
9894-EZEWG,0.6666666666666666,Yes
7225-CBZPL,0.0,Yes
4518-FZBSX,0.0,No
3643-AHCFP,0.5,No
0727-BNRLG,0.0,No
6778-YSNIH,0.5,No
7695-PKLCZ,0.0,No
6585-WCEWR,0.0,No
4193-IBKSW,0.2,No
6283-GITPX,0.0,No
1830-GGFNM,0.0,No
9474-PHLYD,0.3333333333333333,No
8164-OCKUJ,0.0,No
1557-EMYVT,0.0,No
4468-KAZHE,0.3333333333333333,No
2824-MYYBN,0.5,Yes
9867-JCZSP,0.0,No
8189-DUKMV,0.0,No
9191-MYQKX,1.0,Yes
7779-LGOVN,1.0,Yes
7520-HQWJU,0.0,No
0723-FDLAY,0.0,No
5644-PDMZC,1.0,Yes
4628-WQCQQ,1.0,No
9720-JJJOR,0.5,No
7284-ZZLOH,0.0,No
0961-ZWLVI,0.0,No
3768-VHXQO,0.0,No
5916-QEWPT,0.0,No
3946-MHCZW,1.0,No
5859-HZYLF,0.0,No
1178-PZGAB,0.0,No
2519-TWKFS,0.0,No
2907-ILJBN,0.0,No
4832-VRBMR,0.0,No
6416-TVAIH,1.0,Yes
5130-IEKQT,1.0,No
7625-XCQRH,1.0,Yes
4190-MFLUW,0.5,No
8590-YFFQO,0.0,No
1057-FOGLZ,0.2857142857142857,No
3077-RSNTJ,0.5,No
0620-DLSLK,0.0,Yes
1415-YFWLT,0.5,Yes
0531-XBKMM,0.0,No
8083-YTZES,0.7142857142857143,Yes
2927-QRRQV,0.0,No
1389-WNUIB,0.0,No
0581-MDMPW,0.0,No
8896-BQTTI,0.0,No
8280-MQRQN,0.75,No
3400-ESFUW,1.0,No
6202-DYYFX,0.0,No
8884-MRNSU,0.0,No
9631-RXVJM,0.0,No
6300-BWMJX,0.0,Yes
3521-MNKLV,0.0,No
3932-IJWDZ,0.0,No
1110-KYLGQ,0.0,No
2999-AANRQ,0.0,No
9282-IZGQK,0.75,Yes
1163-ONYEY,0.0,No
9233-PSYHO,0.0,No
8711-LOBKY,0.0,No
1024-VRZHF,0.6666666666666666,Yes
5567-WSELE,1.0,Yes
2075-PUEPR,0.0,No
2077-MPJQO,0.0,Yes
0872-CASZJ,0.0,No
5240-CAOYT,0.0,No
5950-AAAGJ,0.0,No
2472-OVKUP,0.3333333333333333,Yes
2091-RFFBA,1.0,Yes
9848-JQJTX,0.0,No
9339-FIIJL,0.0,No
3470-OBUET,0.0,No
9415-DPEWS,1.0,Yes
4110-PFEUZ,0.6,Yes
7114-AEOZE,0.0,No
9741-YLNTD,0.0,No
9055-MOJJJ,0.0,No
5536-SLHPM,1.0,Yes
2208-MPXIO,0.0,No
9378-FXTIZ,0.5,No
6825-UYPFK,0.5,No
3312-UUMZW,0.0,No
6797-UCJHZ,0.0,No
9136-ALYBR,1.0,Yes
7479-NITWS,1.0,No
0885-HMGPY,0.0,No
4636-TVXVG,0.0,No
8559-WNQZS,0.0,No
6064-ZATLR,0.0,No
3685-YLCMQ,1.0,No
8277-RVRSV,0.0,No
9828-QHFBK,0.0,No
1370-GGAWX,0.0,No
5268-DSMNQ,0.0,No
6502-KUGLL,0.0,No
9917-KWRBE,0.0,No
2927-CVULT,0.0,No
7754-IXRMC,0.5,No
4115-UMJFQ,0.0,No
9114-DPSIA,0.0,No
9626-WEQRM,0.0,No
2862-JVEOY,0.0,No
5449-FIBXJ,1.0,Yes
3842-QTGDL,0.0,No
8080-DDEMJ,1.0,No
0988-AADSA,0.0,No
9488-FVZCC,0.0,No
4482-EWFMI,0.5,Yes
1945-XISKS,0.0,No
2519-FAKOD,1.0,No
3751-KTZEL,1.0,No
8696-JKZNU,0.5,Yes
5843-TTHGI,0.0,No
7544-ZVIKX,0.0,No
9483-GCPWE,0.0,No
8677-HDZEE,0.0,No
0244-LGNFY,0.0,No
4163-HFTUK,0.0,No
0840-DFEZH,0.5,Yes
4712-UYOOI,0.1,No
9931-DCEZH,0.0,No
2523-EWWZL,0.0,Yes
7760-OYPDY,1.0,Yes
7952-OBOYL,0.25,Yes
5729-KLZAR,1.0,Yes
1335-HQMKX,0.0,No
3085-QUOZK,1.0,No
9418-RUKPH,0.0,No
3655-SNQYZ,0.0,No
7878-RTCZG,0.4,No
4505-EXZHB,0.8,Yes
3627-FHKBK,0.6,Yes
2538-OIMXF,0.0,Yes
3230-JCNZS,0.0,No
0013-EXCHZ,1.0,Yes
1591-XWLGB,0.0,No
3521-SYVOR,1.0,No
1299-AURJA,0.0,No
3070-BDOQC,0.0,No
4946-EDSEW,0.42857142857142855,No
5652-MSDEY,0.5,Yes
8215-NGSPE,0.0,No
5207-PLSTK,0.5,No
6917-IAYHD,0.0,No
8809-RIHDD,1.0,No
6086-ESGRL,1.0,Yes
7876-AEHIG,0.0,No
8984-HPEMB,0.0,No
0774-IFUVM,0.0,No
2808-CHTDM,0.0,No
3612-YUNGG,0.0,No
8967-SZQAS,0.75,No
3066-RRJIO,1.0,Yes
7157-SMCFK,0.0,No
1226-JZNKR,0.0,No
3005-TYFRD,0.0,No
6994-KERXL,0.5,No
9767-FFLEM,0.5,Yes
6661-EIPZC,0.0,No
6394-HHHZM,0.0,No
3886-CERTZ,1.0,Yes
7351-MHQVU,0.0,No
9889-TMAHG,0.5,No
6425-YQLLO,0.5,No
3261-CQXOL,0.0,No
5343-SGUBI,0.0,No
0665-XHDJU,0.0,No
4804-NCPET,0.0,No
9992-RRAMN,0.5,Yes
2798-NYLMZ,0.0,No
1972-XMUWV,0.0,No
2079-FBMZK,1.0,Yes
5150-ITWWB,0.6666666666666666,Yes
3466-BYAVD,0.0,No
7649-PHJVR,0.0,No
2528-HFYZX,1.0,Yes
6771-XWBDM,1.0,Yes
7014-ZZXAW,0.0,No
7112-OPOTK,1.0,Yes
7587-RZNME,1.0,No
8168-UQWWF,1.0,No
3352-ALMCK,0.0,Yes
4700-UBQMV,0.0,No
7398-LXGYX,0.5,No
9470-YFUYI,0.0,No
0486-HECZI,1.0,Yes
9253-VIFJQ,0.0,No
5406-KGRMX,0.0,No
5349-AZPEW,0.6666666666666666,Yes
3363-EWLGO,0.125,No
2347-WKKAE,0.6666666666666666,Yes
1796-JANOW,0.125,No
9058-HRZSV,0.6666666666666666,Yes
2737-YNGYW,0.3333333333333333,Yes
7802-EFKNY,0.5,Yes
7977-HXJKU,0.0,No
3164-YAXFY,0.0,No
1728-CXQBE,0.8,Yes
5160-UXJED,0.0,No
1559-DTODC,0.0,No
3280-NMUVX,0.0,No
4277-PVRAN,1.0,Yes
9503-XJUME,0.0,No
7919-ZODZZ,0.0,No
8639-NHQEI,0.0,No
1122-JWTJW,1.0,Yes
5777-KJIRB,0.0,No
6827-IEAUQ,0.0,No
2233-FAGXV,0.0,No
4163-KIUHY,0.0,No
1685-BQULA,0.3333333333333333,No
0604-THJFP,0.0,No
8902-ZEOVF,0.0,No
9541-ZPSEA,0.0,No
1335-NTIUC,0.5,Yes
9477-LGWQI,0.0,No
6651-AZVTJ,0.5,Yes
4795-KTRTH,0.75,Yes
8314-HTWVE,0.0,No
1678-FYZOW,1.0,Yes
6158-DWPZT,1.0,No
6082-GLJIX,0.42857142857142855,No
2545-LXYVJ,0.0,No
8835-VSDSE,0.5,Yes
6128-CZOMY,1.0,No
0112-QAWRZ,0.5,No
8735-SDUFN,0.0,No
2316-ESMLS,0.0,No
0303-WMMRN,0.42857142857142855,No
3458-IDMFK,0.0,No
5692-FPTAH,0.5,No
0520-FDVVT,1.0,No
7271-AJDTL,0.5,No
7595-EUIVN,1.0,Yes
3143-ILDAL,1.0,Yes
6368-NWMCE,0.0,No
8198-RKSZG,0.0,No
5271-DBYSJ,0.0,No
6563-VNPMN,0.0,No
1958-RNRKS,0.2,No
1142-IHLOO,0.0,No
1622-HSHSF,0.2,No
1907-UBQFC,1.0,Yes
1685-VAYJF,0.0,No
3378-AJRAO,0.0,No
7740-KKCXF,0.0,No
6861-OKBCE,0.5,No
1251-KRREG,0.3333333333333333,No
2904-GGUAZ,0.0,No
7338-ERIVA,0.0,No
6917-FIJHC,0.0,No
0219-QAERP,0.0,No
4801-JZAZL,0.5,No
3057-VJJQE,0.0,No
9798-OPFEM,0.0,No
1179-INLAT,0.0,No
9919-KNPOO,0.0,Yes
3005-NFMTA,1.0,Yes
1089-HDMKP,0.5,No
3262-EIDHV,0.0,No
5678-VFNEQ,0.0,No
6876-ADESB,1.0,No
1699-UOTXU,0.0,No
4250-ZBWLV,0.5,No
0958-YHXGP,0.5,Yes
4795-WRNVT,0.0,No
5651-WYIPH,0.0,No
5959-BELXA,1.0,No
6897-UUBNU,0.5,Yes
9444-JTXHZ,1.0,Yes
0617-FHSGK,0.6666666666666666,Yes
0330-BGYZE,0.0,No
1915-IOFGU,0.5,Yes
7025-WCBNE,0.0,No
9788-HNGUT,0.0,No
5229-PRWKT,0.5,Yes
7562-UXTPG,0.6,Yes
